{"stats":{"minecraft:used":{"minecraft:oak_sapling":2},"minecraft:picked_up":{"minecraft:stick":2,"minecraft:oak_sapling":3},"minecraft:custom":{"minecraft:jump":14,"minecraft:time_since_rest":2893,"minecraft:play_time":2893,"minecraft:leave_game":2,"minecraft:sprint_one_cm":7252,"minecraft:time_since_death":2893,"minecraft:walk_one_cm":3932,"minecraft:total_world_time":2893,"minecraft:drop":3,"minecraft:fly_one_cm":1146},"minecraft:dropped":{"minecraft:oak_sapling":1,"minecraft:stick":2}},"DataVersion":4082}