{"stats":{"minecraft:custom":{"minecraft:time_since_rest":3061,"minecraft:sprint_one_cm":24595,"minecraft:damage_taken":40,"minecraft:walk_one_cm":25210,"minecraft:drop":58,"minecraft:fly_one_cm":21830,"minecraft:interact_with_crafting_table":1,"minecraft:open_chest":2,"minecraft:crouch_one_cm":520,"minecraft:play_time":18364,"minecraft:sneak_time":191,"minecraft:walk_under_water_one_cm":947,"minecraft:jump":64,"minecraft:leave_game":12,"minecraft:walk_on_water_one_cm":252,"minecraft:time_since_death":18364,"minecraft:sleep_in_bed":1,"minecraft:total_world_time":18364,"minecraft:fall_one_cm":1920},"minecraft:used":{"minecraft:water_bucket":2,"minecraft:iron_axe":1,"minecraft:baked_potato":1,"minecraft:dirt":1,"minecraft:bucket":2},"minecraft:dropped":{"minecraft:water_bucket":2,"minecraft:iron_ingot":46,"minecraft:dirt":37,"minecraft:shield":3,"minecraft:baked_potato":56,"minecraft:stone_sword":1,"minecraft:bundle":2,"minecraft:spruce_planks":4,"minecraft:crafting_table":2,"minecraft:stone_shovel":2,"minecraft:snowball":10,"minecraft:cobblestone":82,"minecraft:spruce_log":736,"minecraft:iron_axe":1,"minecraft:arrow":4,"minecraft:spruce_stairs":416,"minecraft:spruce_sapling":134,"minecraft:flint_and_steel":2,"minecraft:stick":72},"minecraft:picked_up":{"minecraft:stick":36,"minecraft:crafting_table":1,"minecraft:water_bucket":1,"minecraft:spruce_stairs":208,"minecraft:spruce_sapling":67,"minecraft:shield":1,"minecraft:spruce_log":368,"minecraft:dirt":20,"minecraft:flint_and_steel":1,"minecraft:bundle":1,"minecraft:arrow":2,"minecraft:stone_shovel":1,"minecraft:spruce_planks":3,"minecraft:iron_ingot":23,"minecraft:baked_potato":28,"minecraft:snowball":5,"minecraft:cobblestone":41},"minecraft:mined":{"minecraft:spruce_planks":1,"minecraft:grass_block":2}},"DataVersion":4082}