{"stats":{"minecraft:dropped":{"minecraft:water_bucket":2,"minecraft:iron_ingot":46,"minecraft:wheat_seeds":34,"minecraft:baked_potato":56,"minecraft:stone_sword":1,"minecraft:crafting_table":2,"minecraft:stone_shovel":2,"minecraft:cobblestone":82,"minecraft:spruce_stairs":416,"minecraft:flint_and_steel":2,"minecraft:stick":72,"minecraft:dirt":37,"minecraft:shield":3,"minecraft:spruce_planks":4,"minecraft:bundle":2,"minecraft:snowball":10,"minecraft:spruce_log":736,"minecraft:iron_axe":1,"minecraft:arrow":4,"minecraft:beef":18,"minecraft:spruce_sapling":134},"minecraft:killed":{"minecraft:zombie":1,"minecraft:cow":10},"minecraft:crafted":{"minecraft:crafting_table":1,"minecraft:baked_potato":64,"minecraft:iron_sword":1,"minecraft:bucket":1,"minecraft:bookshelf":1,"minecraft:lectern":1,"minecraft:iron_boots":1,"minecraft:book":4,"minecraft:shield":1,"minecraft:iron_axe":1,"minecraft:spruce_slab":6,"minecraft:shears":1},"minecraft:picked_up":{"minecraft:crafting_table":1,"minecraft:wheat":24,"minecraft:water_bucket":1,"minecraft:leather":4,"minecraft:shield":1,"minecraft:dirt":20,"minecraft:flint_and_steel":1,"minecraft:wheat_seeds":59,"minecraft:spruce_planks":11,"minecraft:beef":18,"minecraft:iron_ingot":23,"minecraft:lectern":14,"minecraft:stick":36,"minecraft:spruce_stairs":208,"minecraft:spruce_sapling":69,"minecraft:spruce_log":421,"minecraft:bundle":1,"minecraft:arrow":2,"minecraft:stone_shovel":1,"minecraft:baked_potato":28,"minecraft:snowball":5,"minecraft:white_wool":8,"minecraft:cobblestone":41},"minecraft:custom":{"minecraft:interact_with_furnace":1,"minecraft:mob_kills":11,"minecraft:animals_bred":5,"minecraft:interact_with_crafting_table":4,"minecraft:leave_game":16,"minecraft:time_since_death":35693,"minecraft:sleep_in_bed":3,"minecraft:time_since_rest":551,"minecraft:sprint_one_cm":53646,"minecraft:damage_taken":62,"minecraft:walk_one_cm":55665,"minecraft:drop":62,"minecraft:damage_dealt":1161,"minecraft:talked_to_villager":22,"minecraft:fly_one_cm":88783,"minecraft:open_chest":15,"minecraft:crouch_one_cm":4090,"minecraft:play_time":35693,"minecraft:sneak_time":812,"minecraft:walk_under_water_one_cm":947,"minecraft:jump":289,"minecraft:interact_with_blast_furnace":1,"minecraft:walk_on_water_one_cm":252,"minecraft:interact_with_smoker":3,"minecraft:total_world_time":35693,"minecraft:fall_one_cm":4335},"minecraft:mined":{"minecraft:spruce_planks":9,"minecraft:short_grass":1,"minecraft:grass_block":2,"minecraft:lectern":14,"minecraft:spruce_leaves":11,"minecraft:large_fern":1,"minecraft:wheat":25,"minecraft:ice":1,"minecraft:spruce_log":53},"minecraft:used":{"minecraft:wheat_seeds":25,"minecraft:water_bucket":2,"minecraft:baked_potato":3,"minecraft:spruce_planks":8,"minecraft:iron_sword":4,"minecraft:dirt":1,"minecraft:iron_axe":88,"minecraft:lectern":15,"minecraft:bucket":3}},"DataVersion":4082}