{"stats":{"minecraft:crafted":{"minecraft:iron_boots":1,"minecraft:shield":1,"minecraft:iron_axe":1,"minecraft:crafting_table":1,"minecraft:baked_potato":64,"minecraft:iron_sword":1,"minecraft:bucket":1,"minecraft:shears":1},"minecraft:dropped":{"minecraft:water_bucket":2,"minecraft:iron_ingot":46,"minecraft:dirt":37,"minecraft:shield":3,"minecraft:wheat_seeds":34,"minecraft:baked_potato":56,"minecraft:stone_sword":1,"minecraft:spruce_planks":4,"minecraft:bundle":2,"minecraft:crafting_table":2,"minecraft:snowball":10,"minecraft:stone_shovel":2,"minecraft:cobblestone":82,"minecraft:spruce_log":736,"minecraft:iron_axe":1,"minecraft:arrow":4,"minecraft:spruce_stairs":416,"minecraft:spruce_sapling":134,"minecraft:flint_and_steel":2,"minecraft:stick":72},"minecraft:mined":{"minecraft:spruce_planks":1,"minecraft:wheat":25,"minecraft:ice":1,"minecraft:grass_block":2},"minecraft:used":{"minecraft:wheat_seeds":25,"minecraft:water_bucket":2,"minecraft:iron_axe":1,"minecraft:baked_potato":2,"minecraft:dirt":1,"minecraft:bucket":3},"minecraft:picked_up":{"minecraft:stick":36,"minecraft:crafting_table":1,"minecraft:wheat":24,"minecraft:water_bucket":1,"minecraft:spruce_stairs":208,"minecraft:spruce_sapling":67,"minecraft:shield":1,"minecraft:spruce_log":368,"minecraft:dirt":20,"minecraft:flint_and_steel":1,"minecraft:bundle":1,"minecraft:arrow":2,"minecraft:stone_shovel":1,"minecraft:wheat_seeds":59,"minecraft:spruce_planks":3,"minecraft:iron_ingot":23,"minecraft:baked_potato":28,"minecraft:white_wool":5,"minecraft:snowball":5,"minecraft:cobblestone":41},"minecraft:custom":{"minecraft:interact_with_furnace":1,"minecraft:time_since_rest":9045,"minecraft:sprint_one_cm":33522,"minecraft:damage_taken":40,"minecraft:walk_one_cm":38461,"minecraft:drop":59,"minecraft:animals_bred":5,"minecraft:talked_to_villager":1,"minecraft:interact_with_crafting_table":3,"minecraft:fly_one_cm":51564,"minecraft:open_chest":7,"minecraft:crouch_one_cm":3943,"minecraft:play_time":24348,"minecraft:sneak_time":771,"minecraft:walk_under_water_one_cm":947,"minecraft:jump":153,"minecraft:interact_with_blast_furnace":1,"minecraft:leave_game":12,"minecraft:walk_on_water_one_cm":252,"minecraft:time_since_death":24348,"minecraft:sleep_in_bed":1,"minecraft:interact_with_smoker":3,"minecraft:total_world_time":24348,"minecraft:fall_one_cm":2338}},"DataVersion":4082}