{"stats":{"minecraft:used":{"minecraft:stone_sword":85,"minecraft:iron_shovel":3,"minecraft:oak_sign":1,"minecraft:shield":1,"minecraft:iron_chestplate":1,"minecraft:oak_door":3,"minecraft:torch":24,"minecraft:dirt":16,"minecraft:tuff":3,"minecraft:axolotl_bucket":3,"minecraft:snowball":4,"minecraft:lava_bucket":1,"minecraft:iron_helmet":1,"minecraft:iron_boots":1,"minecraft:furnace":5,"minecraft:cooked_beef":9,"minecraft:cobbled_deepslate":69,"minecraft:iron_leggings":1,"minecraft:water_bucket":11,"minecraft:diorite":8,"minecraft:stone_pickaxe":129,"minecraft:oak_planks":3,"minecraft:wooden_pickaxe":19,"minecraft:brown_mushroom":1,"minecraft:white_wool":2,"minecraft:sand":1,"minecraft:crafting_table":11,"minecraft:bread":2,"minecraft:iron_pickaxe":268,"minecraft:stone_axe":46,"minecraft:diamond_sword":40,"minecraft:cobblestone":170,"minecraft:cooked_porkchop":5,"minecraft:andesite":3,"minecraft:bucket":15},"minecraft:custom":{"minecraft:mob_kills":37,"minecraft:interact_with_crafting_table":22,"minecraft:leave_game":5,"minecraft:time_since_death":135936,"minecraft:climb_one_cm":632,"minecraft:sprint_one_cm":201967,"minecraft:walk_one_cm":196010,"minecraft:damage_blocked_by_shield":302,"minecraft:drop":25,"minecraft:talked_to_villager":4,"minecraft:play_time":135936,"minecraft:sneak_time":21606,"minecraft:walk_under_water_one_cm":15442,"minecraft:boat_one_cm":969881,"minecraft:jump":2481,"minecraft:walk_on_water_one_cm":13215,"minecraft:total_world_time":135936,"minecraft:interact_with_furnace":58,"minecraft:time_since_rest":135936,"minecraft:damage_taken":835,"minecraft:damage_dealt":5894,"minecraft:swim_one_cm":20479,"minecraft:fly_one_cm":460893,"minecraft:open_chest":5,"minecraft:crouch_one_cm":52454,"minecraft:fall_one_cm":63810},"minecraft:picked_up":{"minecraft:crafting_table":11,"minecraft:chicken":1,"minecraft:clay_ball":35,"minecraft:brown_mushroom":2,"minecraft:moss_carpet":3,"minecraft:raw_copper":5,"minecraft:iron_shovel":1,"minecraft:cobbled_deepslate":69,"minecraft:beef":10,"minecraft:oak_boat":1,"minecraft:light_gray_wool":2,"minecraft:sugar_cane":9,"minecraft:furnace":3,"minecraft:stick":6,"minecraft:raw_iron":43,"minecraft:torch":3,"minecraft:spruce_stairs":2,"minecraft:porkchop":14,"minecraft:diorite":8,"minecraft:rotten_flesh":8,"minecraft:glow_berries":5,"minecraft:mutton":4,"minecraft:white_wool":2,"minecraft:cobblestone":194,"minecraft:feather":4,"minecraft:andesite":3,"minecraft:leather":5,"minecraft:tuff":3,"minecraft:oak_log":13,"minecraft:gunpowder":2,"minecraft:lapis_lazuli":52,"minecraft:dirt":21,"minecraft:bone":1,"minecraft:apple":2,"minecraft:wheat_seeds":3,"minecraft:raw_gold":6,"minecraft:iron_ingot":4,"minecraft:moss_block":16,"minecraft:soul_sand":3,"minecraft:oak_planks":23,"minecraft:flowering_azalea":1,"minecraft:sand":1,"minecraft:spruce_log":6,"minecraft:bundle":1,"minecraft:diamond":8,"minecraft:iron_helmet":1,"minecraft:oak_sapling":1,"minecraft:coal":96},"minecraft:dropped":{"minecraft:brown_mushroom":1,"minecraft:wheat_seeds":3,"minecraft:cooked_beef":1,"minecraft:cooked_porkchop":9,"minecraft:iron_helmet":1,"minecraft:apple":1,"minecraft:spruce_stairs":2,"minecraft:iron_shovel":1,"minecraft:stone_sword":1,"minecraft:rotten_flesh":8,"minecraft:shield":1,"minecraft:gunpowder":4,"minecraft:bundle":1,"minecraft:oak_boat":1,"minecraft:oak_sapling":1,"minecraft:stone_pickaxe":1,"minecraft:wooden_pickaxe":1},"minecraft:mined":{"minecraft:tuff":5,"minecraft:deepslate_diamond_ore":8,"minecraft:cave_vines_plant":2,"minecraft:granite":2,"minecraft:grass_block":10,"minecraft:spruce_leaves":6,"minecraft:moss_block":6,"minecraft:large_fern":9,"minecraft:furnace":3,"minecraft:cobbled_deepslate":13,"minecraft:iron_ore":28,"minecraft:fire":1,"minecraft:andesite":3,"minecraft:deepslate_lapis_ore":10,"minecraft:cave_vines":7,"minecraft:deepslate_iron_ore":17,"minecraft:stone":160,"minecraft:flowering_azalea":1,"minecraft:brown_mushroom":1,"minecraft:soul_sand":3,"minecraft:crafting_table":9,"minecraft:clay":7,"minecraft:torch":2,"minecraft:short_grass":11,"minecraft:copper_ore":2,"minecraft:tall_grass":16,"minecraft:cobblestone":12,"minecraft:deepslate_gold_ore":6,"minecraft:oak_planks":3,"minecraft:sugar_cane":3,"minecraft:diorite":8,"minecraft:wall_torch":1,"minecraft:ice":2,"minecraft:spruce_log":6,"minecraft:light_gray_wool":2,"minecraft:oak_log":13,"minecraft:coal_ore":44,"minecraft:sand":2,"minecraft:gravel":1,"minecraft:dirt":10,"minecraft:oak_leaves":6,"minecraft:deepslate":67},"minecraft:killed":{"minecraft:spider":1,"minecraft:chicken":1,"minecraft:pig":6,"minecraft:zombie_villager":1,"minecraft:iron_golem":1,"minecraft:bat":1,"minecraft:creeper":3,"minecraft:sheep":2,"minecraft:zombie":16,"minecraft:cow":5},"minecraft:crafted":{"minecraft:oak_door":3,"minecraft:oak_planks":52,"minecraft:oak_sign":3,"minecraft:furnace":2,"minecraft:iron_boots":1,"minecraft:stone_pickaxe":1,"minecraft:cooked_beef":10,"minecraft:diamond_sword":1,"minecraft:cooked_porkchop":14,"minecraft:crafting_table":1,"minecraft:wooden_pickaxe":1,"minecraft:iron_helmet":1,"minecraft:bucket":1,"minecraft:stone_axe":1,"minecraft:air":0,"minecraft:iron_chestplate":1,"minecraft:shield":2,"minecraft:stick":16,"minecraft:iron_ingot":35,"minecraft:iron_pickaxe":2,"minecraft:stone_sword":1,"minecraft:iron_leggings":1,"minecraft:gold_ingot":5,"minecraft:torch":36},"minecraft:broken":{"minecraft:iron_pickaxe":1}},"DataVersion":4082}