{"stats":{"minecraft:crafted":{"minecraft:smooth_stone":3,"minecraft:oak_door":3,"minecraft:oak_planks":240,"minecraft:oak_sign":3,"minecraft:furnace":4,"minecraft:blast_furnace":1,"minecraft:stone":7,"minecraft:bone_meal":9,"minecraft:bookshelf":1,"minecraft:diamond_helmet":1,"minecraft:diamond_leggings":1,"minecraft:iron_boots":11,"minecraft:iron_axe":3,"minecraft:stone_pickaxe":1,"minecraft:chest":2,"minecraft:diamond_boots":1,"minecraft:cooked_beef":10,"minecraft:diamond_sword":1,"minecraft:emerald":147,"minecraft:cooked_porkchop":14,"minecraft:diamond_axe":1,"minecraft:crafting_table":2,"minecraft:spruce_planks":2680,"minecraft:wooden_pickaxe":1,"minecraft:baked_potato":49,"minecraft:iron_helmet":1,"minecraft:bucket":1,"minecraft:stone_axe":1,"minecraft:enchanted_book":1,"minecraft:air":0,"minecraft:oak_boat":1,"minecraft:lectern":1,"minecraft:iron_chestplate":1,"minecraft:yellow_dye":1,"minecraft:shield":10,"minecraft:chainmail_boots":12,"minecraft:stick":5708,"minecraft:iron_ingot":42,"minecraft:iron_pickaxe":4,"minecraft:stone_sword":1,"minecraft:gold_ingot":5,"minecraft:iron_leggings":1,"minecraft:white_bed":3,"minecraft:torch":44,"minecraft:shears":1,"minecraft:diamond_chestplate":1},"minecraft:picked_up":{"minecraft:crafting_table":16,"minecraft:mud_brick_slab":4,"minecraft:coarse_dirt":5,"minecraft:wheat":48,"minecraft:chainmail_boots":7,"minecraft:chicken":2,"minecraft:ladder":1,"minecraft:clay_ball":70,"minecraft:brown_mushroom":3,"minecraft:shield":8,"minecraft:moss_carpet":3,"minecraft:raw_copper":10,"minecraft:iron_shovel":1,"minecraft:oak_sign":3,"minecraft:cartography_table":4,"minecraft:cobbled_deepslate":69,"minecraft:bucket":1,"minecraft:spruce_planks":18,"minecraft:beef":16,"minecraft:oak_boat":36,"minecraft:light_gray_wool":4,"minecraft:poppy":1,"minecraft:sugar_cane":18,"minecraft:chest":2,"minecraft:iron_boots":1,"minecraft:furnace":3,"minecraft:tipped_arrow":1,"minecraft:stick":21,"minecraft:raw_iron":50,"minecraft:torch":6,"minecraft:spruce_stairs":12,"minecraft:porkchop":14,"minecraft:diorite":8,"minecraft:arrow":5,"minecraft:diamond_chestplate":1,"minecraft:rotten_flesh":12,"minecraft:cyan_terracotta":11,"minecraft:yellow_terracotta":7,"minecraft:gold_ingot":5,"minecraft:white_terracotta":8,"minecraft:glow_berries":10,"minecraft:mutton":32,"minecraft:snowball":10,"minecraft:white_wool":14,"minecraft:cobblestone":224,"minecraft:mud_bricks":107,"minecraft:feather":8,"minecraft:andesite":3,"minecraft:leather":11,"minecraft:potato":317,"minecraft:packed_mud":23,"minecraft:flint":2,"minecraft:tuff":3,"minecraft:stripped_spruce_wood":11,"minecraft:oak_log":60,"minecraft:yellow_glazed_terracotta":17,"minecraft:gunpowder":2,"minecraft:dirt":48,"minecraft:lapis_lazuli":104,"minecraft:bone":4,"minecraft:apple":3,"minecraft:wheat_seeds":128,"minecraft:light_gray_glazed_terracotta":53,"minecraft:raw_gold":7,"minecraft:grindstone":2,"minecraft:iron_ingot":4,"minecraft:moss_block":32,"minecraft:soul_sand":6,"minecraft:flowering_azalea":3,"minecraft:oak_planks":23,"minecraft:music_disc_13":1,"minecraft:stripped_spruce_log":3,"minecraft:poisonous_potato":2,"minecraft:white_bed":1,"minecraft:dandelion":2,"minecraft:gravel":41,"minecraft:sand":1,"minecraft:spruce_sapling":23,"minecraft:blast_furnace":4,"minecraft:spruce_log":694,"minecraft:red_terracotta":26,"minecraft:spruce_door":1,"minecraft:bundle":1,"minecraft:blue_terracotta":33,"minecraft:diamond":14,"minecraft:iron_helmet":1,"minecraft:emerald":73,"minecraft:baked_potato":1,"minecraft:oak_sapling":1,"minecraft:coal":113},"minecraft:killed":{"minecraft:spider":2,"minecraft:skeleton":2,"minecraft:chicken":1,"minecraft:pig":6,"minecraft:zombie_villager":1,"minecraft:iron_golem":1,"minecraft:bat":1,"minecraft:creeper":3,"minecraft:sheep":16,"minecraft:stray":1,"minecraft:zombie":18,"minecraft:cow":6},"minecraft:used":{"minecraft:stone_sword":85,"minecraft:iron_shovel":3,"minecraft:poppy":1,"minecraft:oak_sign":3,"minecraft:chest":4,"minecraft:spruce_planks":7,"minecraft:shield":2,"minecraft:white_terracotta":3,"minecraft:iron_chestplate":1,"minecraft:oak_door":3,"minecraft:torch":45,"minecraft:dirt":42,"minecraft:diamond_helmet":1,"minecraft:light_gray_glazed_terracotta":53,"minecraft:tuff":3,"minecraft:axolotl_bucket":3,"minecraft:snowball":14,"minecraft:cyan_terracotta":2,"minecraft:lava_bucket":1,"minecraft:iron_axe":751,"minecraft:packed_mud":8,"minecraft:iron_helmet":2,"minecraft:iron_boots":1,"minecraft:mud_bricks":29,"minecraft:furnace":6,"minecraft:cooked_beef":9,"minecraft:potato":109,"minecraft:cobbled_deepslate":69,"minecraft:iron_leggings":1,"minecraft:wheat_seeds":48,"minecraft:water_bucket":11,"minecraft:diorite":8,"minecraft:spruce_door":1,"minecraft:cartography_table":4,"minecraft:oak_planks":3,"minecraft:stone_pickaxe":129,"minecraft:baked_potato":26,"minecraft:wooden_pickaxe":19,"minecraft:brown_mushroom":1,"minecraft:diamond_axe":16,"minecraft:white_wool":2,"minecraft:sand":1,"minecraft:crafting_table":17,"minecraft:blast_furnace":5,"minecraft:white_bed":4,"minecraft:spruce_log":38,"minecraft:yellow_dye":1,"minecraft:lectern":1,"minecraft:bread":6,"minecraft:iron_pickaxe":684,"minecraft:red_terracotta":17,"minecraft:gravel":8,"minecraft:stone_axe":122,"minecraft:diamond_sword":73,"minecraft:cobblestone":171,"minecraft:grindstone":2,"minecraft:cooked_porkchop":5,"minecraft:andesite":3,"minecraft:bucket":15,"minecraft:oak_boat":35,"minecraft:bone_meal":3},"minecraft:broken":{"minecraft:iron_axe":3,"minecraft:stone_axe":1,"minecraft:iron_pickaxe":2},"minecraft:mined":{"minecraft:yellow_terracotta":10,"minecraft:white_bed":1,"minecraft:tuff":5,"minecraft:spruce_planks":18,"minecraft:deepslate_diamond_ore":8,"minecraft:cave_vines_plant":2,"minecraft:granite":2,"minecraft:grass_block":19,"minecraft:spruce_leaves":48,"minecraft:cartography_table":4,"minecraft:mud_bricks":108,"minecraft:moss_block":6,"minecraft:oak_wall_sign":1,"minecraft:large_fern":11,"minecraft:furnace":3,"minecraft:packed_mud":24,"minecraft:brown_stained_glass":1,"minecraft:fire":1,"minecraft:iron_ore":28,"minecraft:cobbled_deepslate":13,"minecraft:andesite":3,"minecraft:stripped_spruce_log":4,"minecraft:deepslate_lapis_ore":10,"minecraft:potatoes":106,"minecraft:cave_vines":7,"minecraft:dirt_path":1,"minecraft:deepslate_iron_ore":17,"minecraft:stone":189,"minecraft:mud_brick_slab":4,"minecraft:flowering_azalea":1,"minecraft:brown_mushroom":1,"minecraft:cyan_terracotta":11,"minecraft:soul_sand":3,"minecraft:dandelion":2,"minecraft:crafting_table":14,"minecraft:clay":7,"minecraft:torch":5,"minecraft:short_grass":12,"minecraft:blast_furnace":4,"minecraft:poppy":1,"minecraft:chest":2,"minecraft:tall_grass":17,"minecraft:copper_ore":2,"minecraft:cobblestone":15,"minecraft:deepslate_gold_ore":6,"minecraft:grindstone":2,"minecraft:sugar_cane":3,"minecraft:oak_planks":3,"minecraft:diorite":8,"minecraft:wall_torch":1,"minecraft:spruce_stairs":10,"minecraft:white_terracotta":8,"minecraft:red_terracotta":27,"minecraft:blue_terracotta":33,"minecraft:coarse_dirt":5,"minecraft:light_gray_glazed_terracotta":54,"minecraft:stripped_spruce_wood":11,"minecraft:wheat":48,"minecraft:ice":21,"minecraft:spruce_log":700,"minecraft:light_gray_wool":2,"minecraft:yellow_glazed_terracotta":18,"minecraft:coal_ore":61,"minecraft:oak_log":60,"minecraft:gravel":38,"minecraft:sand":2,"minecraft:dirt":22,"minecraft:oak_leaves":8,"minecraft:deepslate":67,"minecraft:fern":1,"minecraft:suspicious_gravel":2},"minecraft:dropped":{"minecraft:brown_mushroom":1,"minecraft:wheat_seeds":78,"minecraft:cooked_beef":1,"minecraft:baked_potato":1,"minecraft:cooked_porkchop":9,"minecraft:poisonous_potato":2,"minecraft:iron_helmet":2,"minecraft:apple":1,"minecraft:spruce_stairs":2,"minecraft:dirt":1,"minecraft:iron_leggings":1,"minecraft:flowering_azalea":1,"minecraft:iron_shovel":1,"minecraft:moss_carpet":3,"minecraft:stone_sword":1,"minecraft:rotten_flesh":11,"minecraft:iron_boots":12,"minecraft:potato":162,"minecraft:shield":13,"minecraft:gunpowder":4,"minecraft:diamond_chestplate":1,"minecraft:spruce_planks":1,"minecraft:bundle":1,"minecraft:iron_chestplate":1,"minecraft:chainmail_boots":19,"minecraft:ladder":1,"minecraft:oak_boat":1,"minecraft:oak_sapling":1,"minecraft:beef":3,"minecraft:wooden_pickaxe":1,"minecraft:stone_pickaxe":1},"minecraft:custom":{"minecraft:interact_with_anvil":2,"minecraft:mob_kills":58,"minecraft:interact_with_crafting_table":41,"minecraft:leave_game":10,"minecraft:time_since_death":302169,"minecraft:climb_one_cm":969,"minecraft:sprint_one_cm":545026,"minecraft:walk_one_cm":525706,"minecraft:damage_blocked_by_shield":526,"minecraft:drop":89,"minecraft:talked_to_villager":89,"minecraft:play_time":302169,"minecraft:sneak_time":30587,"minecraft:walk_under_water_one_cm":17164,"minecraft:boat_one_cm":1255239,"minecraft:jump":5352,"minecraft:walk_on_water_one_cm":13539,"minecraft:total_world_time":302169,"minecraft:interact_with_furnace":81,"minecraft:traded_with_villager":182,"minecraft:interact_with_grindstone":3,"minecraft:sleep_in_bed":9,"minecraft:time_since_rest":3525,"minecraft:damage_taken":1376,"minecraft:damage_dealt":8523,"minecraft:swim_one_cm":27947,"minecraft:fly_one_cm":1163113,"minecraft:open_chest":62,"minecraft:crouch_one_cm":71484,"minecraft:fall_one_cm":105330}},"DataVersion":4082}