{"stats":{"minecraft:used":{"minecraft:stone_sword":85,"minecraft:iron_shovel":3,"minecraft:poppy":1,"minecraft:oak_sign":3,"minecraft:spruce_planks":2,"minecraft:chest":4,"minecraft:shield":1,"minecraft:iron_chestplate":1,"minecraft:oak_door":3,"minecraft:torch":39,"minecraft:dirt":16,"minecraft:light_gray_glazed_terracotta":15,"minecraft:tuff":3,"minecraft:axolotl_bucket":3,"minecraft:snowball":4,"minecraft:cyan_terracotta":2,"minecraft:lava_bucket":1,"minecraft:iron_axe":56,"minecraft:iron_helmet":1,"minecraft:iron_boots":1,"minecraft:furnace":6,"minecraft:potato":21,"minecraft:cooked_beef":9,"minecraft:cobbled_deepslate":69,"minecraft:iron_leggings":1,"minecraft:water_bucket":11,"minecraft:diorite":8,"minecraft:baked_potato":2,"minecraft:stone_pickaxe":129,"minecraft:oak_planks":3,"minecraft:wooden_pickaxe":19,"minecraft:brown_mushroom":1,"minecraft:white_wool":2,"minecraft:sand":1,"minecraft:crafting_table":13,"minecraft:spruce_log":11,"minecraft:yellow_dye":1,"minecraft:bread":6,"minecraft:iron_pickaxe":407,"minecraft:red_terracotta":17,"minecraft:gravel":8,"minecraft:stone_axe":122,"minecraft:diamond_sword":40,"minecraft:cobblestone":170,"minecraft:cooked_porkchop":5,"minecraft:andesite":3,"minecraft:bucket":15,"minecraft:oak_boat":7},"minecraft:custom":{"minecraft:mob_kills":37,"minecraft:interact_with_crafting_table":28,"minecraft:leave_game":7,"minecraft:time_since_death":171980,"minecraft:climb_one_cm":969,"minecraft:sprint_one_cm":272228,"minecraft:walk_one_cm":273470,"minecraft:damage_blocked_by_shield":302,"minecraft:drop":29,"minecraft:talked_to_villager":4,"minecraft:play_time":171980,"minecraft:sneak_time":24223,"minecraft:walk_under_water_one_cm":15442,"minecraft:boat_one_cm":1035561,"minecraft:jump":3249,"minecraft:walk_on_water_one_cm":13215,"minecraft:total_world_time":171980,"minecraft:interact_with_furnace":66,"minecraft:sleep_in_bed":2,"minecraft:time_since_rest":21333,"minecraft:damage_taken":895,"minecraft:damage_dealt":5894,"minecraft:swim_one_cm":20479,"minecraft:fly_one_cm":637246,"minecraft:open_chest":25,"minecraft:crouch_one_cm":57822,"minecraft:fall_one_cm":77120},"minecraft:picked_up":{"minecraft:mud_brick_slab":1,"minecraft:crafting_table":13,"minecraft:chicken":2,"minecraft:clay_ball":70,"minecraft:brown_mushroom":2,"minecraft:moss_carpet":3,"minecraft:raw_copper":10,"minecraft:iron_shovel":1,"minecraft:oak_sign":3,"minecraft:cobbled_deepslate":69,"minecraft:bucket":1,"minecraft:spruce_planks":6,"minecraft:beef":10,"minecraft:oak_boat":8,"minecraft:poppy":1,"minecraft:light_gray_wool":4,"minecraft:chest":2,"minecraft:sugar_cane":18,"minecraft:furnace":3,"minecraft:stick":10,"minecraft:raw_iron":50,"minecraft:torch":3,"minecraft:spruce_stairs":12,"minecraft:porkchop":14,"minecraft:diorite":8,"minecraft:rotten_flesh":10,"minecraft:cyan_terracotta":5,"minecraft:yellow_terracotta":1,"minecraft:gold_ingot":5,"minecraft:white_terracotta":2,"minecraft:glow_berries":10,"minecraft:mutton":8,"minecraft:white_wool":2,"minecraft:cobblestone":212,"minecraft:mud_bricks":27,"minecraft:feather":8,"minecraft:andesite":3,"minecraft:leather":10,"minecraft:potato":67,"minecraft:packed_mud":7,"minecraft:tuff":3,"minecraft:stripped_spruce_wood":5,"minecraft:oak_log":13,"minecraft:yellow_glazed_terracotta":6,"minecraft:gunpowder":2,"minecraft:lapis_lazuli":104,"minecraft:dirt":26,"minecraft:bone":1,"minecraft:apple":3,"minecraft:light_gray_glazed_terracotta":16,"minecraft:wheat_seeds":4,"minecraft:raw_gold":7,"minecraft:iron_ingot":4,"minecraft:soul_sand":6,"minecraft:moss_block":32,"minecraft:flowering_azalea":3,"minecraft:oak_planks":23,"minecraft:music_disc_13":1,"minecraft:dandelion":1,"minecraft:gravel":8,"minecraft:sand":1,"minecraft:spruce_sapling":4,"minecraft:spruce_log":108,"minecraft:red_terracotta":17,"minecraft:bundle":1,"minecraft:blue_terracotta":16,"minecraft:diamond":14,"minecraft:iron_helmet":1,"minecraft:emerald":4,"minecraft:oak_sapling":1,"minecraft:coal":111},"minecraft:dropped":{"minecraft:brown_mushroom":1,"minecraft:wheat_seeds":3,"minecraft:cooked_beef":1,"minecraft:cooked_porkchop":9,"minecraft:iron_helmet":1,"minecraft:apple":1,"minecraft:spruce_stairs":2,"minecraft:flowering_azalea":1,"minecraft:iron_shovel":1,"minecraft:moss_carpet":3,"minecraft:stone_sword":1,"minecraft:rotten_flesh":10,"minecraft:shield":1,"minecraft:gunpowder":4,"minecraft:bundle":1,"minecraft:oak_boat":1,"minecraft:oak_sapling":1,"minecraft:stone_pickaxe":1,"minecraft:wooden_pickaxe":1},"minecraft:mined":{"minecraft:yellow_terracotta":1,"minecraft:tuff":5,"minecraft:spruce_planks":6,"minecraft:deepslate_diamond_ore":8,"minecraft:cave_vines_plant":2,"minecraft:granite":2,"minecraft:grass_block":10,"minecraft:spruce_leaves":10,"minecraft:mud_bricks":27,"minecraft:moss_block":6,"minecraft:oak_wall_sign":1,"minecraft:large_fern":9,"minecraft:packed_mud":7,"minecraft:furnace":3,"minecraft:iron_ore":28,"minecraft:cobbled_deepslate":13,"minecraft:fire":1,"minecraft:andesite":3,"minecraft:deepslate_lapis_ore":10,"minecraft:potatoes":18,"minecraft:cave_vines":7,"minecraft:deepslate_iron_ore":17,"minecraft:stone":177,"minecraft:mud_brick_slab":1,"minecraft:flowering_azalea":1,"minecraft:brown_mushroom":1,"minecraft:cyan_terracotta":5,"minecraft:soul_sand":3,"minecraft:dandelion":1,"minecraft:clay":7,"minecraft:crafting_table":11,"minecraft:torch":2,"minecraft:short_grass":11,"minecraft:poppy":1,"minecraft:chest":2,"minecraft:copper_ore":2,"minecraft:tall_grass":16,"minecraft:cobblestone":13,"minecraft:deepslate_gold_ore":6,"minecraft:sugar_cane":3,"minecraft:oak_planks":3,"minecraft:diorite":8,"minecraft:wall_torch":1,"minecraft:spruce_stairs":10,"minecraft:white_terracotta":2,"minecraft:red_terracotta":17,"minecraft:light_gray_glazed_terracotta":16,"minecraft:blue_terracotta":16,"minecraft:stripped_spruce_wood":5,"minecraft:ice":2,"minecraft:spruce_log":108,"minecraft:light_gray_wool":2,"minecraft:yellow_glazed_terracotta":6,"minecraft:oak_log":13,"minecraft:coal_ore":59,"minecraft:dirt":10,"minecraft:sand":2,"minecraft:gravel":9,"minecraft:oak_leaves":6,"minecraft:deepslate":67,"minecraft:fern":1},"minecraft:killed":{"minecraft:spider":1,"minecraft:chicken":1,"minecraft:pig":6,"minecraft:zombie_villager":1,"minecraft:iron_golem":1,"minecraft:bat":1,"minecraft:creeper":3,"minecraft:sheep":2,"minecraft:zombie":16,"minecraft:cow":5},"minecraft:crafted":{"minecraft:oak_door":3,"minecraft:oak_planks":52,"minecraft:oak_sign":3,"minecraft:furnace":3,"minecraft:iron_boots":1,"minecraft:iron_axe":2,"minecraft:stone_pickaxe":1,"minecraft:chest":2,"minecraft:cooked_beef":10,"minecraft:diamond_sword":1,"minecraft:cooked_porkchop":14,"minecraft:crafting_table":1,"minecraft:spruce_planks":20,"minecraft:baked_potato":2,"minecraft:wooden_pickaxe":1,"minecraft:iron_helmet":1,"minecraft:bucket":1,"minecraft:stone_axe":1,"minecraft:air":0,"minecraft:oak_boat":1,"minecraft:iron_chestplate":1,"minecraft:yellow_dye":1,"minecraft:shield":2,"minecraft:stick":24,"minecraft:iron_ingot":42,"minecraft:iron_pickaxe":2,"minecraft:stone_sword":1,"minecraft:iron_leggings":1,"minecraft:gold_ingot":5,"minecraft:torch":36},"minecraft:broken":{"minecraft:stone_axe":1,"minecraft:iron_pickaxe":1}},"DataVersion":4082}