{"stats":{"minecraft:custom":{"minecraft:mob_kills":31,"minecraft:interact_with_crafting_table":40,"minecraft:leave_game":6,"minecraft:time_since_death":238036,"minecraft:climb_one_cm":643,"minecraft:sprint_one_cm":411432,"minecraft:walk_one_cm":505449,"minecraft:damage_blocked_by_shield":3137,"minecraft:drop":74,"minecraft:talked_to_villager":10,"minecraft:play_time":238036,"minecraft:sneak_time":23150,"minecraft:walk_under_water_one_cm":10295,"minecraft:boat_one_cm":589450,"minecraft:jump":4371,"minecraft:interact_with_blast_furnace":20,"minecraft:walk_on_water_one_cm":28715,"minecraft:total_world_time":238036,"minecraft:interact_with_furnace":21,"minecraft:interact_with_stonecutter":1,"minecraft:sleep_in_bed":4,"minecraft:time_since_rest":7892,"minecraft:damage_taken":2192,"minecraft:damage_dealt":4368,"minecraft:swim_one_cm":8561,"minecraft:fly_one_cm":698179,"minecraft:open_chest":33,"minecraft:crouch_one_cm":48454,"minecraft:interact_with_smoker":19,"minecraft:fall_one_cm":106263},"minecraft:used":{"minecraft:azalea":1,"minecraft:moss_block":10,"minecraft:iron_shovel":177,"minecraft:flint_and_steel":7,"minecraft:chest":1,"minecraft:shield":49,"minecraft:cooked_chicken":2,"minecraft:rotten_flesh":1,"minecraft:iron_chestplate":1,"minecraft:torch":44,"minecraft:dirt":275,"minecraft:tuff":1,"minecraft:snowball":54,"minecraft:iron_hoe":88,"minecraft:wooden_axe":34,"minecraft:flowering_azalea":3,"minecraft:lava_bucket":1,"minecraft:lantern":2,"minecraft:iron_axe":56,"minecraft:diamond_chestplate":1,"minecraft:beef":1,"minecraft:sweet_berries":2,"minecraft:soul_soil":1,"minecraft:furnace":3,"minecraft:oak_sapling":1,"minecraft:cooked_beef":13,"minecraft:potato":8,"minecraft:cobbled_deepslate":264,"minecraft:wheat_seeds":2,"minecraft:cooked_mutton":14,"minecraft:water_bucket":75,"minecraft:diorite":2,"minecraft:stone_pickaxe":133,"minecraft:wooden_pickaxe":59,"minecraft:stonecutter":1,"minecraft:glow_ink_sac":1,"minecraft:clay":1,"minecraft:sugar_cane":10,"minecraft:sand":2,"minecraft:crafting_table":13,"minecraft:blast_furnace":4,"minecraft:white_bed":3,"minecraft:smoker":3,"minecraft:bread":2,"minecraft:iron_pickaxe":1099,"minecraft:spore_blossom":1,"minecraft:spruce_sapling":1,"minecraft:cobblestone":75,"minecraft:cooked_porkchop":6,"minecraft:bucket":78,"minecraft:andesite":7,"minecraft:oak_boat":6},"minecraft:mined":{"minecraft:tuff":10,"minecraft:white_bed":2,"minecraft:mossy_cobblestone":2,"minecraft:deepslate_diamond_ore":129,"minecraft:brewing_stand":1,"minecraft:cave_vines_plant":3,"minecraft:grass_block":176,"minecraft:soul_soil":10,"minecraft:spruce_leaves":27,"minecraft:moss_block":12,"minecraft:spore_blossom":1,"minecraft:redstone_ore":6,"minecraft:furnace":4,"minecraft:fire":4,"minecraft:iron_ore":62,"minecraft:cobbled_deepslate":12,"minecraft:snow":56,"minecraft:andesite":7,"minecraft:deepslate_lapis_ore":26,"minecraft:pointed_dripstone":3,"minecraft:potatoes":6,"minecraft:cave_vines":7,"minecraft:deepslate_iron_ore":8,"minecraft:lantern":2,"minecraft:packed_ice":10,"minecraft:azalea":1,"minecraft:stone":280,"minecraft:podzol":1,"minecraft:deepslate_redstone_ore":34,"minecraft:flowering_azalea":3,"minecraft:smoker":2,"minecraft:crafting_table":11,"minecraft:clay":2,"minecraft:torch":8,"minecraft:short_grass":26,"minecraft:blast_furnace":2,"minecraft:emerald_ore":1,"minecraft:tall_grass":5,"minecraft:deepslate_gold_ore":12,"minecraft:sugar_cane":4,"minecraft:oak_planks":1,"minecraft:diorite":2,"minecraft:wall_torch":1,"minecraft:blue_ice":3,"minecraft:sweet_berry_bush":2,"minecraft:ice":35,"minecraft:spruce_log":8,"minecraft:oak_log":21,"minecraft:coal_ore":97,"minecraft:dripstone_block":2,"minecraft:gravel":6,"minecraft:sand":3,"minecraft:dirt":82,"minecraft:gold_ore":16,"minecraft:deepslate":566},"minecraft:killed":{"minecraft:skeleton":1,"minecraft:chicken":2,"minecraft:pig":3,"minecraft:zombie_villager":1,"minecraft:sheep":10,"minecraft:zombie":6,"minecraft:enderman":1,"minecraft:cow":7},"minecraft:picked_up":{"minecraft:crafting_table":13,"minecraft:chicken":2,"minecraft:clay_ball":12,"minecraft:diamond_sword":1,"minecraft:gold_block":1,"minecraft:brewing_stand":1,"minecraft:shield":3,"minecraft:soul_soil":9,"minecraft:flint_and_steel":2,"minecraft:iron_shovel":3,"minecraft:diamond_leggings":1,"minecraft:cobbled_deepslate":474,"minecraft:beef":125,"minecraft:oak_boat":6,"minecraft:azalea":1,"minecraft:iron_pickaxe":1,"minecraft:lectern":7,"minecraft:sugar_cane":44,"minecraft:diamond_hoe":1,"minecraft:furnace":4,"minecraft:stick":13,"minecraft:raw_iron":70,"minecraft:torch":12,"minecraft:spruce_stairs":2,"minecraft:porkchop":6,"minecraft:pointed_dripstone":2,"minecraft:diorite":2,"minecraft:redstone":171,"minecraft:diamond_chestplate":1,"minecraft:arrow":2,"minecraft:rotten_flesh":5,"minecraft:diamond_boots":1,"minecraft:hay_block":30,"minecraft:obsidian":1,"minecraft:glow_berries":2,"minecraft:mutton":14,"minecraft:cobblestone":225,"minecraft:snowball":54,"minecraft:white_wool":7,"minecraft:feather":4,"minecraft:cooked_beef":1,"minecraft:glow_ink_sac":2,"minecraft:water_bucket":1,"minecraft:andesite":7,"minecraft:brown_wool":2,"minecraft:leather":41,"minecraft:smoker":3,"minecraft:potato":44,"minecraft:flint":2,"minecraft:tuff":1,"minecraft:oak_log":21,"minecraft:lapis_lazuli":215,"minecraft:dirt":326,"minecraft:lantern":2,"minecraft:coast_armor_trim_smithing_template":1,"minecraft:apple":11,"minecraft:wheat_seeds":4,"minecraft:raw_gold":35,"minecraft:spore_blossom":1,"minecraft:iron_ingot":36,"minecraft:diamond_helmet":1,"minecraft:bamboo":153,"minecraft:soul_sand":12,"minecraft:moss_block":10,"minecraft:flowering_azalea":3,"minecraft:oak_planks":28,"minecraft:sweet_berries":3,"minecraft:gravel":82,"minecraft:sand":2,"minecraft:spruce_sapling":4,"minecraft:blast_furnace":2,"minecraft:white_bed":2,"minecraft:spruce_log":8,"minecraft:bundle":1,"minecraft:diamond_shovel":1,"minecraft:diamond":161,"minecraft:iron_helmet":1,"minecraft:diamond_axe":1,"minecraft:gray_wool":1,"minecraft:bread":39,"minecraft:emerald":65,"minecraft:oak_sapling":1,"minecraft:coal":98,"minecraft:diamond_pickaxe":1,"minecraft:ender_pearl":1},"minecraft:dropped":{"minecraft:iron_ingot":9,"minecraft:bread":11,"minecraft:soul_sand":6,"minecraft:wheat_seeds":2,"minecraft:cooked_beef":1,"minecraft:diamond":16,"minecraft:crafting_table":5,"minecraft:feather":4,"minecraft:iron_helmet":2,"minecraft:cobblestone":114,"minecraft:leather":1,"minecraft:spruce_stairs":2,"minecraft:stick":2,"minecraft:flint":1,"minecraft:dirt":50,"minecraft:gray_wool":1,"minecraft:coast_armor_trim_smithing_template":1,"minecraft:iron_pickaxe":1,"minecraft:spruce_sapling":3,"minecraft:gravel":82,"minecraft:sugar_cane":32,"minecraft:soul_soil":8,"minecraft:cobbled_deepslate":198,"minecraft:obsidian":1,"minecraft:rotten_flesh":4,"minecraft:clay_ball":8,"minecraft:oak_planks":27,"minecraft:flint_and_steel":1,"minecraft:shield":1,"minecraft:bamboo":153,"minecraft:arrow":2},"minecraft:broken":{"minecraft:iron_shovel":2,"minecraft:wooden_pickaxe":1,"minecraft:stone_pickaxe":1,"minecraft:shield":1,"minecraft:iron_pickaxe":4,"minecraft:wooden_axe":1},"minecraft:crafted":{"minecraft:smooth_stone":6,"minecraft:oak_planks":68,"minecraft:cooked_chicken":2,"minecraft:furnace":2,"minecraft:blast_furnace":2,"minecraft:stone":9,"minecraft:cooked_mutton":14,"minecraft:flint_and_steel":1,"minecraft:diamond_helmet":1,"minecraft:diamond_leggings":1,"minecraft:iron_axe":1,"minecraft:iron_hoe":1,"minecraft:stone_pickaxe":1,"minecraft:chest":1,"minecraft:diamond_boots":1,"minecraft:smoker":1,"minecraft:cooked_beef":13,"minecraft:cooked_porkchop":6,"minecraft:crafting_table":5,"minecraft:spruce_planks":32,"minecraft:wooden_pickaxe":1,"minecraft:bucket":2,"minecraft:air":0,"minecraft:oak_boat":1,"minecraft:iron_chestplate":1,"minecraft:shield":1,"minecraft:stick":32,"minecraft:iron_ingot":33,"minecraft:iron_pickaxe":5,"minecraft:wooden_axe":1,"minecraft:gold_ingot":27,"minecraft:stonecutter":1,"minecraft:white_bed":1,"minecraft:torch":32,"minecraft:clay":1,"minecraft:diamond_chestplate":1}},"DataVersion":4082}