{"stats":{"minecraft:custom":{"minecraft:time_since_rest":1003,"minecraft:crouch_one_cm":1262,"minecraft:damage_taken":260,"minecraft:play_time":8504,"minecraft:sprint_one_cm":24003,"minecraft:deaths":1,"minecraft:walk_one_cm":5409,"minecraft:sneak_time":840,"minecraft:walk_under_water_one_cm":10713,"minecraft:jump":179,"minecraft:leave_game":2,"minecraft:walk_on_water_one_cm":5121,"minecraft:time_since_death":883,"minecraft:total_world_time":8504,"minecraft:interact_with_crafting_table":3,"minecraft:swim_one_cm":11459,"minecraft:fall_one_cm":2761,"minecraft:fly_one_cm":81010},"minecraft:used":{"minecraft:crafting_table":1,"minecraft:wooden_pickaxe":14},"minecraft:mined":{"minecraft:oak_log":5,"minecraft:spruce_leaves":2,"minecraft:stone":14,"minecraft:sugar_cane":4,"minecraft:crafting_table":1},"minecraft:picked_up":{"minecraft:crafting_table":1,"minecraft:oak_log":5,"minecraft:sugar_cane":11,"minecraft:cobblestone":14},"minecraft:killed_by":{"minecraft:drowned":1},"minecraft:crafted":{"minecraft:oak_planks":20,"minecraft:crafting_table":1,"minecraft:stick":4,"minecraft:wooden_pickaxe":1}},"DataVersion":4082}