{"stats":{"minecraft:crafted":{"minecraft:oak_planks":24,"minecraft:emerald":111,"minecraft:cooked_porkchop":9,"minecraft:diamond_axe":1,"minecraft:crafting_table":2,"minecraft:spruce_planks":2120,"minecraft:baked_potato":193,"minecraft:wooden_pickaxe":1,"minecraft:furnace":1,"minecraft:bucket":1,"minecraft:enchanted_book":9,"minecraft:bookshelf":3,"minecraft:cooked_mutton":5,"minecraft:air":0,"minecraft:oak_boat":1,"minecraft:diamond_helmet":1,"minecraft:diamond_leggings":1,"minecraft:diamond_pickaxe":1,"minecraft:shield":1,"minecraft:ladder":3,"minecraft:spruce_slab":48,"minecraft:stick":3584,"minecraft:iron_pickaxe":1,"minecraft:wooden_axe":1,"minecraft:chest":10,"minecraft:diamond_boots":1,"minecraft:torch":44,"minecraft:smoker":1,"minecraft:diamond_chestplate":1},"minecraft:custom":{"minecraft:interact_with_furnace":15,"minecraft:mob_kills":7,"minecraft:interact_with_anvil":2,"minecraft:traded_with_villager":123,"minecraft:interact_with_crafting_table":48,"minecraft:leave_game":11,"minecraft:time_since_death":257408,"minecraft:sleep_in_bed":7,"minecraft:climb_one_cm":3771,"minecraft:time_since_rest":40847,"minecraft:sprint_one_cm":483499,"minecraft:damage_taken":52,"minecraft:walk_one_cm":478562,"minecraft:damage_blocked_by_shield":225,"minecraft:drop":10,"minecraft:damage_dealt":640,"minecraft:swim_one_cm":11921,"minecraft:talked_to_villager":204,"minecraft:fly_one_cm":796881,"minecraft:open_chest":87,"minecraft:crouch_one_cm":50312,"minecraft:play_time":257408,"minecraft:sneak_time":15142,"minecraft:walk_under_water_one_cm":1772,"minecraft:boat_one_cm":225203,"minecraft:jump":2892,"minecraft:interact_with_blast_furnace":3,"minecraft:walk_on_water_one_cm":2929,"minecraft:interact_with_smoker":65,"minecraft:total_world_time":257408,"minecraft:fall_one_cm":41969},"minecraft:broken":{"minecraft:iron_pickaxe":1},"minecraft:picked_up":{"minecraft:crafting_table":8,"minecraft:ladder":3,"minecraft:smoker":6,"minecraft:potato":272,"minecraft:gold_block":1,"minecraft:oak_log":6,"minecraft:shield":1,"minecraft:cobblestone_wall":3,"minecraft:dirt":240,"minecraft:blue_bed":2,"minecraft:wheat_seeds":1,"minecraft:cobbled_deepslate":234,"minecraft:spruce_planks":7,"minecraft:oak_boat":3,"minecraft:spruce_slab":28,"minecraft:lectern":85,"minecraft:sugar_cane":104,"minecraft:chest":1,"minecraft:oak_planks":12,"minecraft:furnace":4,"minecraft:book":9,"minecraft:stick":7,"minecraft:raw_iron":2,"minecraft:torch":30,"minecraft:poisonous_potato":4,"minecraft:porkchop":9,"minecraft:stripped_spruce_log":4,"minecraft:spruce_sapling":22,"minecraft:spruce_log":553,"minecraft:diamond":52,"minecraft:beetroot_seeds":4,"minecraft:bread":2,"minecraft:mutton":5,"minecraft:coal":29,"minecraft:snowball":11,"minecraft:white_wool":3,"minecraft:cobblestone":81},"minecraft:killed":{"minecraft:pig":4,"minecraft:sheep":3},"minecraft:mined":{"minecraft:spruce_planks":7,"minecraft:glass_pane":1,"minecraft:deepslate_diamond_ore":52,"minecraft:smoker":6,"minecraft:crafting_table":8,"minecraft:torch":9,"minecraft:ladder":3,"minecraft:short_grass":2,"minecraft:grass_block":143,"minecraft:chest":1,"minecraft:lectern":83,"minecraft:cobblestone":1,"minecraft:spruce_leaves":37,"minecraft:oak_planks":1,"minecraft:sugar_cane":91,"minecraft:blue_bed":2,"minecraft:furnace":4,"minecraft:cobblestone_wall":3,"minecraft:iron_ore":1,"minecraft:cobbled_deepslate":5,"minecraft:snow":11,"minecraft:ice":149,"minecraft:spruce_log":564,"minecraft:stripped_spruce_log":4,"minecraft:oak_log":6,"minecraft:bookshelf":3,"minecraft:potatoes":80,"minecraft:coal_ore":25,"minecraft:dirt_path":4,"minecraft:dirt":107,"minecraft:stone":81,"minecraft:oak_leaves":1,"minecraft:spruce_slab":20,"minecraft:deepslate":229},"minecraft:dropped":{"minecraft:iron_ingot":3,"minecraft:raw_iron":1,"minecraft:oak_planks":2,"minecraft:gold_block":1,"minecraft:spruce_planks":1,"minecraft:beetroot_seeds":4,"minecraft:lectern":1},"minecraft:used":{"minecraft:cooked_mutton":5,"minecraft:water_bucket":21,"minecraft:bundle":1,"minecraft:ladder":6,"minecraft:spruce_slab":31,"minecraft:oak_planks":6,"minecraft:baked_potato":1,"minecraft:shield":5,"minecraft:chest":11,"minecraft:spruce_planks":7,"minecraft:wooden_pickaxe":38,"minecraft:blue_bed":2,"minecraft:sugar_cane":104,"minecraft:diamond_axe":723,"minecraft:torch":46,"minecraft:glow_berries":6,"minecraft:dirt":188,"minecraft:crafting_table":10,"minecraft:spruce_log":23,"minecraft:smoker":7,"minecraft:wooden_axe":9,"minecraft:diamond_pickaxe":192,"minecraft:bookshelf":3,"minecraft:diamond_shovel":158,"minecraft:bread":2,"minecraft:iron_pickaxe":250,"minecraft:lectern":84,"minecraft:diamond_sword":85,"minecraft:cobblestone":9,"minecraft:furnace":4,"minecraft:cooked_porkchop":9,"minecraft:bucket":21,"minecraft:oak_boat":3,"minecraft:potato":80,"minecraft:cobbled_deepslate":100}},"DataVersion":4082}