{"stats":{"minecraft:used":{"minecraft:cooked_mutton":5,"minecraft:bundle":1,"minecraft:ladder":6,"minecraft:oak_planks":6,"minecraft:spruce_planks":7,"minecraft:chest":11,"minecraft:shield":5,"minecraft:wooden_pickaxe":38,"minecraft:blue_bed":2,"minecraft:diamond_axe":97,"minecraft:torch":2,"minecraft:glow_berries":6,"minecraft:dirt":76,"minecraft:crafting_table":10,"minecraft:smoker":5,"minecraft:wooden_axe":9,"minecraft:diamond_pickaxe":117,"minecraft:bread":2,"minecraft:iron_pickaxe":250,"minecraft:diamond_sword":85,"minecraft:cobblestone":9,"minecraft:furnace":3,"minecraft:cooked_porkchop":3,"minecraft:oak_boat":2,"minecraft:potato":80,"minecraft:cobbled_deepslate":100},"minecraft:custom":{"minecraft:interact_with_furnace":12,"minecraft:mob_kills":7,"minecraft:interact_with_crafting_table":38,"minecraft:leave_game":8,"minecraft:time_since_death":152370,"minecraft:sleep_in_bed":4,"minecraft:climb_one_cm":2207,"minecraft:time_since_rest":14648,"minecraft:sprint_one_cm":236749,"minecraft:damage_taken":52,"minecraft:walk_one_cm":185036,"minecraft:damage_blocked_by_shield":225,"minecraft:drop":3,"minecraft:damage_dealt":640,"minecraft:swim_one_cm":11921,"minecraft:talked_to_villager":5,"minecraft:fly_one_cm":338563,"minecraft:open_chest":57,"minecraft:crouch_one_cm":3263,"minecraft:play_time":152370,"minecraft:sneak_time":1782,"minecraft:walk_under_water_one_cm":256,"minecraft:boat_one_cm":212093,"minecraft:jump":1453,"minecraft:interact_with_blast_furnace":3,"minecraft:walk_on_water_one_cm":998,"minecraft:interact_with_smoker":62,"minecraft:total_world_time":152370,"minecraft:fall_one_cm":28715},"minecraft:picked_up":{"minecraft:crafting_table":8,"minecraft:ladder":3,"minecraft:smoker":4,"minecraft:potato":272,"minecraft:gold_block":1,"minecraft:oak_log":6,"minecraft:cobblestone_wall":3,"minecraft:dirt":76,"minecraft:blue_bed":2,"minecraft:wheat_seeds":1,"minecraft:cobbled_deepslate":234,"minecraft:spruce_planks":7,"minecraft:oak_boat":2,"minecraft:sugar_cane":12,"minecraft:chest":1,"minecraft:oak_planks":12,"minecraft:furnace":3,"minecraft:raw_iron":2,"minecraft:poisonous_potato":4,"minecraft:porkchop":9,"minecraft:stripped_spruce_log":4,"minecraft:spruce_log":65,"minecraft:diamond":52,"minecraft:beetroot_seeds":4,"minecraft:bread":2,"minecraft:mutton":5,"minecraft:coal":29,"minecraft:white_wool":3,"minecraft:cobblestone":81},"minecraft:dropped":{"minecraft:raw_iron":1,"minecraft:gold_block":1,"minecraft:beetroot_seeds":4},"minecraft:mined":{"minecraft:spruce_planks":7,"minecraft:glass_pane":1,"minecraft:deepslate_diamond_ore":52,"minecraft:smoker":4,"minecraft:crafting_table":8,"minecraft:ladder":3,"minecraft:short_grass":2,"minecraft:grass_block":13,"minecraft:chest":1,"minecraft:cobblestone":1,"minecraft:spruce_leaves":11,"minecraft:oak_planks":1,"minecraft:sugar_cane":5,"minecraft:blue_bed":2,"minecraft:furnace":3,"minecraft:cobblestone_wall":3,"minecraft:iron_ore":1,"minecraft:cobbled_deepslate":5,"minecraft:spruce_log":66,"minecraft:stripped_spruce_log":4,"minecraft:coal_ore":25,"minecraft:potatoes":80,"minecraft:oak_log":6,"minecraft:dirt_path":4,"minecraft:dirt":59,"minecraft:stone":81,"minecraft:oak_leaves":1,"minecraft:deepslate":229},"minecraft:killed":{"minecraft:pig":4,"minecraft:sheep":3},"minecraft:crafted":{"minecraft:oak_planks":24,"minecraft:cooked_porkchop":9,"minecraft:crafting_table":2,"minecraft:spruce_planks":260,"minecraft:wooden_pickaxe":1,"minecraft:baked_potato":193,"minecraft:furnace":1,"minecraft:cooked_mutton":5,"minecraft:air":0,"minecraft:oak_boat":1,"minecraft:diamond_helmet":1,"minecraft:diamond_leggings":1,"minecraft:diamond_pickaxe":1,"minecraft:shield":1,"minecraft:ladder":3,"minecraft:stick":16,"minecraft:iron_pickaxe":1,"minecraft:wooden_axe":1,"minecraft:chest":10,"minecraft:diamond_boots":1,"minecraft:torch":12,"minecraft:smoker":1,"minecraft:diamond_chestplate":1},"minecraft:broken":{"minecraft:iron_pickaxe":1}},"DataVersion":4082}