{"stats":{"minecraft:custom":{"minecraft:mob_kills":71,"minecraft:interact_with_crafting_table":63,"minecraft:bell_ring":365,"minecraft:leave_game":2,"minecraft:time_since_death":4339,"minecraft:climb_one_cm":2410,"minecraft:sprint_one_cm":844095,"minecraft:walk_one_cm":434378,"minecraft:damage_blocked_by_shield":1151,"minecraft:drop":34,"minecraft:talked_to_villager":65,"minecraft:play_time":244109,"minecraft:deaths":1,"minecraft:sneak_time":13858,"minecraft:walk_under_water_one_cm":9437,"minecraft:boat_one_cm":197948,"minecraft:jump":5042,"minecraft:walk_on_water_one_cm":30778,"minecraft:total_world_time":244109,"minecraft:interact_with_furnace":22,"minecraft:traded_with_villager":92,"minecraft:interact_with_cartography_table":1,"minecraft:sleep_in_bed":2,"minecraft:time_since_rest":4666,"minecraft:damage_taken":1107,"minecraft:damage_dealt":7784,"minecraft:swim_one_cm":582737,"minecraft:fly_one_cm":1373952,"minecraft:open_chest":51,"minecraft:crouch_one_cm":36020,"minecraft:interact_with_smoker":6,"minecraft:fall_one_cm":109342},"minecraft:used":{"minecraft:flint_and_steel":10,"minecraft:diamond_hoe":58,"minecraft:chest":2,"minecraft:shield":14,"minecraft:bell":9,"minecraft:cooked_chicken":1,"minecraft:netherrack":8,"minecraft:torch":15,"minecraft:dirt":164,"minecraft:tuff":34,"minecraft:obsidian":10,"minecraft:lava_bucket":2,"minecraft:oak_sapling":1,"minecraft:furnace":1,"minecraft:egg":1,"minecraft:cooked_beef":7,"minecraft:cobbled_deepslate":203,"minecraft:cooked_mutton":10,"minecraft:water_bucket":26,"minecraft:stone_pickaxe":131,"minecraft:oak_planks":4,"minecraft:wooden_pickaxe":59,"minecraft:fletching_table":7,"minecraft:diamond_axe":530,"minecraft:sugar_cane":9,"minecraft:sand":1,"minecraft:crafting_table":10,"minecraft:white_bed":12,"minecraft:smoker":1,"minecraft:diamond_pickaxe":1115,"minecraft:diamond_shovel":330,"minecraft:bread":17,"minecraft:iron_pickaxe":250,"minecraft:gravel":119,"minecraft:stone_axe":45,"minecraft:diamond_sword":72,"minecraft:cobblestone":5,"minecraft:cooked_porkchop":8,"minecraft:andesite":8,"minecraft:bucket":29,"minecraft:yellow_bed":3,"minecraft:oak_boat":1},"minecraft:mined":{"minecraft:tuff":34,"minecraft:white_bed":11,"minecraft:mossy_cobblestone":3,"minecraft:deepslate_diamond_ore":67,"minecraft:obsidian":11,"minecraft:granite":25,"minecraft:grass_block":40,"minecraft:composter":2,"minecraft:cartography_table":1,"minecraft:hay_block":56,"minecraft:furnace":1,"minecraft:fire":9,"minecraft:iron_ore":18,"minecraft:cobbled_deepslate":13,"minecraft:andesite":8,"minecraft:fletching_table":2,"minecraft:deepslate_lapis_ore":3,"minecraft:gold_block":1,"minecraft:bell":8,"minecraft:dirt_path":164,"minecraft:bamboo":4,"minecraft:stone":215,"minecraft:blackstone":6,"minecraft:smoker":1,"minecraft:crafting_table":9,"minecraft:short_grass":15,"minecraft:nether_quartz_ore":6,"minecraft:copper_ore":1,"minecraft:tall_grass":6,"minecraft:cobblestone":13,"minecraft:deepslate_gold_ore":8,"minecraft:lapis_ore":3,"minecraft:oak_planks":3,"minecraft:sugar_cane":53,"minecraft:diorite":5,"minecraft:wall_torch":14,"minecraft:lilac":1,"minecraft:birch_leaves":3,"minecraft:yellow_bed":3,"minecraft:coal_ore":67,"minecraft:oak_log":443,"minecraft:gravel":167,"minecraft:sand":1,"minecraft:dirt":17,"minecraft:stonecutter":1,"minecraft:netherrack":682,"minecraft:oak_leaves":73,"minecraft:deepslate":331},"minecraft:killed":{"minecraft:skeleton":2,"minecraft:chicken":1,"minecraft:piglin":1,"minecraft:pig":3,"minecraft:sheep":7,"minecraft:zombie":3,"minecraft:cow":54},"minecraft:picked_up":{"minecraft:crafting_table":9,"minecraft:chicken":1,"minecraft:gold_block":1,"minecraft:raw_copper":2,"minecraft:cartography_table":1,"minecraft:cobbled_deepslate":392,"minecraft:beef":118,"minecraft:oak_boat":1,"minecraft:poppy":2,"minecraft:sugar_cane":124,"minecraft:egg":1,"minecraft:furnace":1,"minecraft:raw_iron":18,"minecraft:stick":11,"minecraft:composter":2,"minecraft:torch":14,"minecraft:porkchop":8,"minecraft:diorite":5,"minecraft:arrow":2,"minecraft:rotten_flesh":3,"minecraft:hay_block":56,"minecraft:obsidian":11,"minecraft:mutton":10,"minecraft:cobblestone":249,"minecraft:white_wool":6,"minecraft:feather":1,"minecraft:lilac":1,"minecraft:water_bucket":2,"minecraft:andesite":8,"minecraft:leather":54,"minecraft:brown_wool":1,"minecraft:smoker":1,"minecraft:potato":1,"minecraft:flint":12,"minecraft:tuff":34,"minecraft:oak_log":441,"minecraft:yellow_bed":3,"minecraft:lapis_lazuli":42,"minecraft:dirt":220,"minecraft:bone":1,"minecraft:bow":1,"minecraft:stonecutter":1,"minecraft:wheat_seeds":5,"minecraft:raw_gold":16,"minecraft:bell":9,"minecraft:fletching_table":2,"minecraft:bamboo":51,"minecraft:oak_planks":19,"minecraft:quartz":6,"minecraft:dandelion":1,"minecraft:gravel":186,"minecraft:sand":1,"minecraft:white_bed":11,"minecraft:mossy_cobblestone":3,"minecraft:diamond":67,"minecraft:granite":25,"minecraft:oak_sapling":10,"minecraft:netherrack":662,"minecraft:coal":67},"minecraft:dropped":{"minecraft:water_bucket":2,"minecraft:wheat_seeds":1,"minecraft:lilac":1,"minecraft:feather":1,"minecraft:cobblestone":2,"minecraft:granite":25,"minecraft:dirt":16,"minecraft:diorite":5,"minecraft:brown_wool":1,"minecraft:bone":1,"minecraft:gravel":3,"minecraft:cobbled_deepslate":103,"minecraft:rotten_flesh":1,"minecraft:oak_planks":5,"minecraft:carrot":8,"minecraft:spruce_log":9,"minecraft:arrow":2,"minecraft:bow":1,"minecraft:netherrack":494},"minecraft:broken":{"minecraft:wooden_pickaxe":1,"minecraft:stone_pickaxe":1,"minecraft:iron_pickaxe":1},"minecraft:crafted":{"minecraft:oak_planks":1748,"minecraft:diamond_hoe":1,"minecraft:cooked_chicken":1,"minecraft:furnace":1,"minecraft:diamond_shovel":1,"minecraft:bookshelf":7,"minecraft:cooked_mutton":10,"minecraft:flint_and_steel":1,"minecraft:diamond_helmet":1,"minecraft:diamond_leggings":1,"minecraft:iron_boots":1,"minecraft:stone_pickaxe":1,"minecraft:chest":2,"minecraft:diamond_boots":1,"minecraft:wheat":234,"minecraft:smoker":1,"minecraft:cooked_beef":7,"minecraft:oak_slab":30,"minecraft:diamond_sword":1,"minecraft:emerald":92,"minecraft:cooked_porkchop":8,"minecraft:diamond_axe":1,"minecraft:crafting_table":1,"minecraft:wooden_pickaxe":1,"minecraft:fletching_table":5,"minecraft:bucket":1,"minecraft:stone_axe":1,"minecraft:bread":78,"minecraft:air":0,"minecraft:oak_boat":1,"minecraft:lectern":7,"minecraft:book":21,"minecraft:paper":51,"minecraft:diamond_pickaxe":1,"minecraft:shield":1,"minecraft:stick":3084,"minecraft:iron_ingot":18,"minecraft:iron_pickaxe":1,"minecraft:white_bed":1,"minecraft:torch":4,"minecraft:diamond_chestplate":1}},"DataVersion":4082}