{"stats":{"minecraft:crafted":{"minecraft:smooth_stone":3,"minecraft:oak_planks":84,"minecraft:stone":3,"minecraft:bookshelf":17,"minecraft:cooked_mutton":3,"minecraft:warped_planks":232,"minecraft:diamond_helmet":1,"minecraft:chest":4,"minecraft:golden_boots":2,"minecraft:smoker":1,"minecraft:item_frame":1,"minecraft:arrow":64,"minecraft:emerald":290,"minecraft:cooked_porkchop":8,"minecraft:diamond_axe":1,"minecraft:crafting_table":5,"minecraft:spruce_planks":5356,"minecraft:wooden_pickaxe":1,"minecraft:baked_potato":342,"minecraft:cobbled_deepslate_wall":6,"minecraft:fletching_table":3,"minecraft:cartography_table":1,"minecraft:lectern":7,"minecraft:iron_chestplate":1,"minecraft:book":19,"minecraft:wooden_hoe":1,"minecraft:paper":204,"minecraft:diamond_pickaxe":2,"minecraft:shield":2,"minecraft:stick":9049,"minecraft:iron_ingot":143,"minecraft:iron_pickaxe":1,"minecraft:iron_block":3,"minecraft:stone_sword":2,"minecraft:gold_ingot":102,"minecraft:spruce_fence_gate":4,"minecraft:shears":1,"minecraft:stone_shovel":1,"minecraft:furnace":3,"minecraft:blast_furnace":1,"minecraft:bone_meal":144,"minecraft:flint_and_steel":1,"minecraft:spruce_stairs":212,"minecraft:iron_axe":8,"minecraft:spruce_slab":42,"minecraft:stone_pickaxe":1,"minecraft:spruce_boat":1,"minecraft:bundle":2,"minecraft:red_dye":2,"minecraft:crossbow":1,"minecraft:spruce_sign":3,"minecraft:enchanting_table":1,"minecraft:red_bed":1,"minecraft:bucket":2,"minecraft:stone_axe":1,"minecraft:enchanted_book":10,"minecraft:air":0,"minecraft:oak_boat":1,"minecraft:white_dye":1,"minecraft:iron_shovel":2,"minecraft:iron_leggings":1,"minecraft:anvil":1,"minecraft:white_bed":11,"minecraft:torch":36,"minecraft:nether_brick_stairs":4},"minecraft:picked_up":{"minecraft:wheat":143,"minecraft:nether_brick_fence":2,"minecraft:anvil":3,"minecraft:potion":2,"minecraft:nether_brick":49,"minecraft:brewing_stand":1,"minecraft:string":43,"minecraft:soul_soil":29,"minecraft:raw_copper":105,"minecraft:gold_nugget":923,"minecraft:cobbled_deepslate":2641,"minecraft:spruce_planks":142,"minecraft:azalea":8,"minecraft:deepslate_tile_wall":1,"minecraft:iron_boots":1,"minecraft:furnace":1,"minecraft:stick":56,"minecraft:deepslate_brick_wall":4,"minecraft:torch":49,"minecraft:spruce_stairs":2,"minecraft:porkchop":8,"minecraft:diorite":12,"minecraft:warped_planks":5,"minecraft:stone_sword":2,"minecraft:rotten_flesh":22,"minecraft:tropical_fish":16,"minecraft:blaze_rod":12,"minecraft:obsidian":20,"minecraft:snowball":37,"minecraft:cobblestone":746,"minecraft:cooked_beef":1,"minecraft:water_bucket":2,"minecraft:andesite":27,"minecraft:brown_wool":1,"minecraft:potato":1240,"minecraft:flint":61,"minecraft:tuff":177,"minecraft:stripped_spruce_wood":6,"minecraft:lapis_lazuli":138,"minecraft:dirt":431,"minecraft:lantern":4,"minecraft:bone":12,"minecraft:chipped_anvil":1,"minecraft:wheat_seeds":419,"minecraft:cobbled_deepslate_wall":1,"minecraft:raw_gold":51,"minecraft:fletching_table":2,"minecraft:rabbit":1,"minecraft:moss_block":2,"minecraft:oak_planks":56,"minecraft:cooked_porkchop":9,"minecraft:poisonous_potato":8,"minecraft:sand":6,"minecraft:nether_brick_stairs":4,"minecraft:grass_block":2,"minecraft:spectral_arrow":88,"minecraft:bundle":2,"minecraft:spruce_fence_gate":1,"minecraft:diamond":100,"minecraft:spruce_boat":7,"minecraft:granite":5,"minecraft:bone_meal":1,"minecraft:emerald":10,"minecraft:netherrack":2527,"minecraft:diamond_pickaxe":1,"minecraft:crafting_table":31,"minecraft:coarse_dirt":1,"minecraft:splash_potion":1,"minecraft:clay_ball":8,"minecraft:shield":2,"minecraft:red_bed":10,"minecraft:moss_carpet":6,"minecraft:iron_axe":2,"minecraft:blackstone":186,"minecraft:cartography_table":6,"minecraft:beef":22,"minecraft:oak_boat":6,"minecraft:spruce_slab":3,"minecraft:iron_nugget":10,"minecraft:poppy":2,"minecraft:light_gray_wool":1,"minecraft:lectern":484,"minecraft:sugar_cane":215,"minecraft:birch_sapling":1,"minecraft:raw_iron":153,"minecraft:fire_charge":5,"minecraft:redstone":297,"minecraft:prismarine_crystals":3,"minecraft:tnt":2,"minecraft:arrow":9,"minecraft:nether_bricks":8,"minecraft:gold_ingot":88,"minecraft:glow_berries":3,"minecraft:mutton":13,"minecraft:white_wool":29,"minecraft:rail":49,"minecraft:bone_block":15,"minecraft:leather":25,"minecraft:oak_log":21,"minecraft:ancient_debris":6,"minecraft:nether_wart_block":2,"minecraft:cobbled_deepslate_stairs":8,"minecraft:gunpowder":7,"minecraft:cobblestone_stairs":2,"minecraft:blue_bed":3,"minecraft:coast_armor_trim_smithing_template":3,"minecraft:warped_stem":60,"minecraft:rabbit_hide":1,"minecraft:heart_of_the_sea":1,"minecraft:iron_ingot":8,"minecraft:soul_sand":51,"minecraft:flowering_azalea":7,"minecraft:book":9,"minecraft:warped_fungus":1,"minecraft:sweet_berries":39,"minecraft:quartz":170,"minecraft:gravel":223,"minecraft:spruce_sapling":88,"minecraft:blast_furnace":11,"minecraft:white_bed":9,"minecraft:spruce_log":1402,"minecraft:crying_obsidian":7,"minecraft:spruce_door":2,"minecraft:stone_axe":1,"minecraft:iron_helmet":1,"minecraft:baked_potato":69,"minecraft:coal":121,"minecraft:ender_pearl":10},"minecraft:killed":{"minecraft:spider":3,"minecraft:skeleton":16,"minecraft:bee":1,"minecraft:silverfish":5,"minecraft:magma_cube":6,"minecraft:piglin":3,"minecraft:pig":6,"minecraft:zombie_villager":2,"minecraft:creeper":3,"minecraft:sheep":9,"minecraft:zombie":28,"minecraft:ghast":3,"minecraft:stray":1,"minecraft:blaze":24,"minecraft:cow":12,"minecraft:horse":2,"minecraft:rabbit":1,"minecraft:hoglin":1,"minecraft:wither_skeleton":3,"minecraft:enderman":4},"minecraft:used":{"minecraft:iron_shovel":205,"minecraft:spruce_slab":10,"minecraft:chest":4,"minecraft:shield":113,"minecraft:iron_sword":135,"minecraft:iron_chestplate":1,"minecraft:soul_sand":9,"minecraft:mutton":10,"minecraft:axolotl_bucket":1,"minecraft:snowball":31,"minecraft:obsidian":10,"minecraft:spruce_boat":8,"minecraft:lava_bucket":17,"minecraft:lantern":3,"minecraft:grass_block":1,"minecraft:item_frame":1,"minecraft:sweet_berries":59,"minecraft:furnace":2,"minecraft:cooked_cod":3,"minecraft:potato":489,"minecraft:stripped_spruce_wood":6,"minecraft:golden_boots":2,"minecraft:deepslate_brick_wall":34,"minecraft:diorite":5,"minecraft:spruce_door":2,"minecraft:stone_pickaxe":94,"minecraft:oak_planks":38,"minecraft:wooden_pickaxe":16,"minecraft:blue_bed":3,"minecraft:diamond_axe":135,"minecraft:sugar_cane":34,"minecraft:glow_berries":5,"minecraft:sand":4,"minecraft:blast_furnace":11,"minecraft:crossbow":77,"minecraft:cobbled_deepslate_stairs":82,"minecraft:crying_obsidian":2,"minecraft:tuff_brick_stairs":48,"minecraft:lectern":490,"minecraft:gravel":38,"minecraft:andesite":5,"minecraft:oak_boat":6,"minecraft:bone_meal":143,"minecraft:enchanting_table":1,"minecraft:stone_sword":117,"minecraft:flint_and_steel":6,"minecraft:stone_shovel":130,"minecraft:redstone":3,"minecraft:spruce_planks":377,"minecraft:cooked_salmon":1,"minecraft:netherrack":674,"minecraft:torch":80,"minecraft:brewing_stand":1,"minecraft:dirt":355,"minecraft:anvil":3,"minecraft:spruce_stairs":6,"minecraft:diamond_helmet":1,"minecraft:granite":4,"minecraft:nether_brick_stairs":5,"minecraft:chipped_anvil":1,"minecraft:bookshelf":10,"minecraft:iron_axe":2018,"minecraft:beef":1,"minecraft:soul_soil":2,"minecraft:deepslate_tile_stairs":9,"minecraft:cooked_beef":1,"minecraft:red_dye":1,"minecraft:cobbled_deepslate":969,"minecraft:cobbled_deepslate_wall":6,"minecraft:wheat_seeds":195,"minecraft:cooked_mutton":3,"minecraft:warped_stem":2,"minecraft:water_bucket":116,"minecraft:cobblestone_stairs":129,"minecraft:bundle":12,"minecraft:glass_bottle":1,"minecraft:cartography_table":7,"minecraft:baked_potato":213,"minecraft:spruce_sign":1,"minecraft:glow_ink_sac":1,"minecraft:spruce_fence_gate":5,"minecraft:fletching_table":5,"minecraft:crafting_table":34,"minecraft:red_bed":11,"minecraft:white_bed":19,"minecraft:warped_planks":218,"minecraft:spruce_log":112,"minecraft:smoker":1,"minecraft:deepslate_tile_wall":26,"minecraft:wooden_hoe":51,"minecraft:diamond_pickaxe":8280,"minecraft:iron_pickaxe":254,"minecraft:spruce_sapling":1,"minecraft:stone_axe":87,"minecraft:cobblestone":513,"minecraft:potion":2,"minecraft:cooked_porkchop":17,"minecraft:bucket":135},"minecraft:broken":{"minecraft:diamond_pickaxe":1,"minecraft:stone_axe":1,"minecraft:shield":2,"minecraft:iron_axe":8,"minecraft:iron_pickaxe":1},"minecraft:mined":{"minecraft:spruce_planks":42,"minecraft:white_bed":9,"minecraft:cobbled_deepslate_stairs":8,"minecraft:cobblestone_stairs":2,"minecraft:brewing_stand":1,"minecraft:obsidian":10,"minecraft:granite":6,"minecraft:cave_vines_plant":1,"minecraft:deepslate_tile_wall":1,"minecraft:grass_block":196,"minecraft:soul_soil":15,"minecraft:fire":57,"minecraft:iron_ore":93,"minecraft:cobbled_deepslate":165,"minecraft:moss_carpet":1,"minecraft:fletching_table":2,"minecraft:deepslate_lapis_ore":14,"minecraft:anvil":2,"minecraft:nether_brick_stairs":4,"minecraft:cave_vines":2,"minecraft:dirt_path":4,"minecraft:azalea":2,"minecraft:spruce_slab":1,"minecraft:deepslate_redstone_ore":50,"minecraft:red_bed":10,"minecraft:blackstone":119,"minecraft:deepslate_brick_wall":4,"minecraft:soul_fire":12,"minecraft:clay":2,"minecraft:torch":20,"minecraft:blast_furnace":12,"minecraft:poppy":2,"minecraft:nether_quartz_ore":68,"minecraft:cobblestone":132,"minecraft:sugar_cane":123,"minecraft:oak_planks":6,"minecraft:wall_torch":20,"minecraft:deepslate_copper_ore":3,"minecraft:nether_wart_block":2,"minecraft:warped_planks":5,"minecraft:wheat":147,"minecraft:warped_fungus":1,"minecraft:oak_log":21,"minecraft:sand":5,"minecraft:dirt":250,"minecraft:ancient_debris":6,"minecraft:netherrack":3486,"minecraft:oak_leaves":6,"minecraft:deepslate":2767,"minecraft:infested_deepslate":2,"minecraft:nether_gold_ore":111,"minecraft:tuff":177,"minecraft:deepslate_diamond_ore":31,"minecraft:nether_bricks":8,"minecraft:redstone_wire":3,"minecraft:spruce_leaves":363,"minecraft:cartography_table":6,"minecraft:moss_block":3,"minecraft:large_fern":51,"minecraft:furnace":1,"minecraft:snow":8,"minecraft:andesite":24,"minecraft:stripped_spruce_log":1,"minecraft:nether_brick_fence":2,"minecraft:bookshelf":3,"minecraft:potatoes":338,"minecraft:deepslate_iron_ore":59,"minecraft:rail":49,"minecraft:lantern":3,"minecraft:warped_stem":61,"minecraft:stone":617,"minecraft:bone_block":15,"minecraft:podzol":1,"minecraft:flowering_azalea":3,"minecraft:soul_sand":6,"minecraft:snow_block":2,"minecraft:spruce_door":2,"minecraft:crafting_table":32,"minecraft:cobbled_deepslate_wall":1,"minecraft:short_grass":59,"minecraft:emerald_ore":1,"minecraft:lectern":484,"minecraft:tall_grass":7,"minecraft:copper_ore":28,"minecraft:deepslate_gold_ore":23,"minecraft:diorite":11,"minecraft:blue_bed":3,"minecraft:spruce_stairs":4,"minecraft:coarse_dirt":1,"minecraft:stripped_spruce_wood":6,"minecraft:sweet_berry_bush":21,"minecraft:ice":331,"minecraft:spruce_log":1425,"minecraft:birch_leaves":3,"minecraft:coal_ore":103,"minecraft:gravel":201,"minecraft:spruce_fence_gate":1,"minecraft:chipped_anvil":1,"minecraft:gold_ore":2,"minecraft:fern":32,"minecraft:infested_stone":2},"minecraft:dropped":{"minecraft:nether_brick_stairs":3,"minecraft:spruce_sign":2,"minecraft:soul_sand":42,"minecraft:moss_block":1,"minecraft:lapis_lazuli":15,"minecraft:warped_fungus":1,"minecraft:baked_potato":9,"minecraft:glass_bottle":1,"minecraft:diamond":34,"minecraft:glow_berries":1,"minecraft:emerald":9,"minecraft:flint":37,"minecraft:cobblestone_stairs":1,"minecraft:deepslate_tile_stairs":36,"minecraft:dirt":76,"minecraft:coast_armor_trim_smithing_template":3,"minecraft:snowball":7,"minecraft:gold_nugget":5,"minecraft:bone_meal":1,"minecraft:sand":2,"minecraft:white_wool":4,"minecraft:gold_ingot":147,"minecraft:bone":7,"minecraft:gravel":147,"minecraft:stone_axe":1,"minecraft:blackstone":186,"minecraft:sugar_cane":6,"minecraft:iron_nugget":11,"minecraft:cobbled_deepslate":120,"minecraft:nether_brick":49,"minecraft:wheat":1,"minecraft:birch_sapling":1,"minecraft:rotten_flesh":20,"minecraft:oak_planks":11,"minecraft:nether_brick_fence":2,"minecraft:rabbit_hide":1,"minecraft:gunpowder":5,"minecraft:azalea":4,"minecraft:spruce_slab":15,"minecraft:arrow":6,"minecraft:beef":21,"minecraft:quartz":61,"minecraft:netherrack":1932,"minecraft:lectern":1,"minecraft:water_bucket":2,"minecraft:iron_ingot":5,"minecraft:wheat_seeds":224,"minecraft:tnt":2,"minecraft:deepslate_brick_wall":2,"minecraft:poisonous_potato":8,"minecraft:feather":5,"minecraft:cobbled_deepslate_wall":1,"minecraft:prismarine_crystals":3,"minecraft:iron_helmet":2,"minecraft:cobblestone":69,"minecraft:granite":1,"minecraft:tropical_fish":16,"minecraft:spruce_stairs":16,"minecraft:grass_block":1,"minecraft:coal":6,"minecraft:stick":5,"minecraft:diorite":7,"minecraft:wooden_hoe":1,"minecraft:torch":2,"minecraft:rabbit":1,"minecraft:brown_wool":1,"minecraft:cooked_salmon":1,"minecraft:potion":1,"minecraft:heart_of_the_sea":1,"minecraft:flowering_azalea":4,"minecraft:iron_axe":2,"minecraft:iron_shovel":2,"minecraft:string":10,"minecraft:spruce_sapling":14,"minecraft:anvil":1,"minecraft:moss_carpet":6,"minecraft:sweet_berries":2,"minecraft:soul_soil":27,"minecraft:coarse_dirt":1,"minecraft:stone_sword":1,"minecraft:tuff":22,"minecraft:stone_shovel":1,"minecraft:light_gray_wool":1,"minecraft:clay_ball":8,"minecraft:iron_boots":1,"minecraft:nether_bricks":2,"minecraft:filled_map":1,"minecraft:potato":335,"minecraft:shield":1,"minecraft:bundle":3,"minecraft:spruce_planks":1,"minecraft:diamond_pickaxe":1,"minecraft:andesite":22,"minecraft:oak_boat":1,"minecraft:raw_gold":2},"minecraft:custom":{"minecraft:animals_bred":39,"minecraft:interact_with_crafting_table":96,"minecraft:bell_ring":26,"minecraft:leave_game":70,"minecraft:time_since_death":437613,"minecraft:sprint_one_cm":1776867,"minecraft:damage_blocked_by_shield":8154,"minecraft:drop":298,"minecraft:talked_to_villager":931,"minecraft:play_time":1089854,"minecraft:deaths":1,"minecraft:jump":13807,"minecraft:interact_with_brewingstand":1,"minecraft:walk_on_water_one_cm":53858,"minecraft:interact_with_furnace":39,"minecraft:traded_with_villager":318,"minecraft:interact_with_cartography_table":1,"minecraft:sleep_in_bed":57,"minecraft:damage_dealt":19744,"minecraft:crouch_one_cm":190275,"minecraft:interact_with_smoker":36,"minecraft:mob_kills":138,"minecraft:interact_with_anvil":6,"minecraft:climb_one_cm":1866,"minecraft:walk_one_cm":2289508,"minecraft:sneak_time":55734,"minecraft:walk_under_water_one_cm":49114,"minecraft:boat_one_cm":823944,"minecraft:interact_with_blast_furnace":17,"minecraft:total_world_time":1089854,"minecraft:interact_with_grindstone":1,"minecraft:interact_with_stonecutter":3,"minecraft:time_since_rest":38377,"minecraft:damage_taken":8399,"minecraft:swim_one_cm":65949,"minecraft:fly_one_cm":2799334,"minecraft:open_chest":168,"minecraft:fall_one_cm":191734}},"DataVersion":4082}