{"stats":{"minecraft:used":{"minecraft:iron_shovel":205,"minecraft:spruce_slab":10,"minecraft:chest":4,"minecraft:shield":53,"minecraft:iron_chestplate":1,"minecraft:soul_sand":9,"minecraft:mutton":10,"minecraft:axolotl_bucket":1,"minecraft:snowball":31,"minecraft:obsidian":10,"minecraft:spruce_boat":8,"minecraft:lava_bucket":13,"minecraft:lantern":3,"minecraft:grass_block":1,"minecraft:item_frame":1,"minecraft:sweet_berries":59,"minecraft:furnace":2,"minecraft:cooked_cod":3,"minecraft:potato":366,"minecraft:stripped_spruce_wood":6,"minecraft:deepslate_brick_wall":34,"minecraft:diorite":5,"minecraft:spruce_door":2,"minecraft:stone_pickaxe":94,"minecraft:oak_planks":38,"minecraft:wooden_pickaxe":16,"minecraft:diamond_axe":135,"minecraft:sugar_cane":34,"minecraft:glow_berries":5,"minecraft:sand":4,"minecraft:blast_furnace":11,"minecraft:cobbled_deepslate_stairs":82,"minecraft:tuff_brick_stairs":48,"minecraft:lectern":230,"minecraft:gravel":36,"minecraft:andesite":5,"minecraft:oak_boat":6,"minecraft:bone_meal":143,"minecraft:stone_sword":117,"minecraft:flint_and_steel":6,"minecraft:stone_shovel":130,"minecraft:redstone":2,"minecraft:spruce_planks":352,"minecraft:cooked_salmon":1,"minecraft:netherrack":9,"minecraft:torch":54,"minecraft:brewing_stand":1,"minecraft:dirt":355,"minecraft:anvil":3,"minecraft:spruce_stairs":6,"minecraft:granite":4,"minecraft:bookshelf":3,"minecraft:iron_axe":1003,"minecraft:beef":1,"minecraft:soul_soil":2,"minecraft:deepslate_tile_stairs":9,"minecraft:cooked_beef":1,"minecraft:red_dye":1,"minecraft:cobbled_deepslate":679,"minecraft:cobbled_deepslate_wall":6,"minecraft:wheat_seeds":147,"minecraft:cooked_mutton":3,"minecraft:water_bucket":84,"minecraft:cobblestone_stairs":129,"minecraft:bundle":12,"minecraft:baked_potato":98,"minecraft:spruce_sign":1,"minecraft:fletching_table":4,"minecraft:glow_ink_sac":1,"minecraft:spruce_fence_gate":5,"minecraft:crafting_table":26,"minecraft:red_bed":11,"minecraft:white_bed":18,"minecraft:smoker":1,"minecraft:spruce_log":104,"minecraft:deepslate_tile_wall":26,"minecraft:wooden_hoe":51,"minecraft:diamond_pickaxe":2564,"minecraft:iron_pickaxe":254,"minecraft:spruce_sapling":1,"minecraft:stone_axe":87,"minecraft:cobblestone":487,"minecraft:cooked_porkchop":17,"minecraft:bucket":100},"minecraft:custom":{"minecraft:animals_bred":25,"minecraft:interact_with_crafting_table":68,"minecraft:leave_game":59,"minecraft:time_since_death":63490,"minecraft:sprint_one_cm":1069547,"minecraft:damage_blocked_by_shield":3146,"minecraft:drop":163,"minecraft:talked_to_villager":397,"minecraft:play_time":715731,"minecraft:deaths":1,"minecraft:jump":7718,"minecraft:interact_with_brewingstand":1,"minecraft:walk_on_water_one_cm":40263,"minecraft:interact_with_furnace":28,"minecraft:traded_with_villager":138,"minecraft:sleep_in_bed":42,"minecraft:damage_dealt":10848,"minecraft:crouch_one_cm":113026,"minecraft:interact_with_smoker":24,"minecraft:mob_kills":72,"minecraft:interact_with_anvil":2,"minecraft:climb_one_cm":1484,"minecraft:walk_one_cm":1432008,"minecraft:sneak_time":34517,"minecraft:walk_under_water_one_cm":39769,"minecraft:boat_one_cm":795883,"minecraft:interact_with_blast_furnace":10,"minecraft:total_world_time":715731,"minecraft:interact_with_stonecutter":3,"minecraft:time_since_rest":11371,"minecraft:damage_taken":5272,"minecraft:swim_one_cm":47621,"minecraft:fly_one_cm":1623140,"minecraft:open_chest":104,"minecraft:fall_one_cm":116158},"minecraft:picked_up":{"minecraft:wheat":96,"minecraft:anvil":3,"minecraft:brewing_stand":1,"minecraft:string":3,"minecraft:raw_copper":105,"minecraft:soul_soil":15,"minecraft:cobbled_deepslate":1404,"minecraft:spruce_planks":63,"minecraft:azalea":8,"minecraft:deepslate_tile_wall":1,"minecraft:furnace":1,"minecraft:stick":46,"minecraft:deepslate_brick_wall":4,"minecraft:torch":37,"minecraft:spruce_stairs":2,"minecraft:porkchop":8,"minecraft:diorite":10,"minecraft:stone_sword":2,"minecraft:rotten_flesh":22,"minecraft:tropical_fish":16,"minecraft:obsidian":10,"minecraft:snowball":37,"minecraft:cobblestone":699,"minecraft:cooked_beef":1,"minecraft:water_bucket":2,"minecraft:andesite":21,"minecraft:brown_wool":1,"minecraft:potato":785,"minecraft:flint":6,"minecraft:tuff":85,"minecraft:stripped_spruce_wood":6,"minecraft:lapis_lazuli":70,"minecraft:dirt":431,"minecraft:lantern":4,"minecraft:bone":5,"minecraft:cobbled_deepslate_wall":1,"minecraft:wheat_seeds":289,"minecraft:raw_gold":7,"minecraft:fletching_table":2,"minecraft:moss_block":2,"minecraft:oak_planks":52,"minecraft:cooked_porkchop":9,"minecraft:poisonous_potato":3,"minecraft:sand":6,"minecraft:grass_block":2,"minecraft:bundle":2,"minecraft:spruce_fence_gate":1,"minecraft:diamond":36,"minecraft:spruce_boat":7,"minecraft:granite":5,"minecraft:bone_meal":1,"minecraft:emerald":10,"minecraft:netherrack":34,"minecraft:diamond_pickaxe":1,"minecraft:coarse_dirt":1,"minecraft:crafting_table":23,"minecraft:clay_ball":8,"minecraft:shield":2,"minecraft:red_bed":10,"minecraft:moss_carpet":6,"minecraft:iron_axe":1,"minecraft:beef":22,"minecraft:oak_boat":6,"minecraft:spruce_slab":3,"minecraft:iron_nugget":10,"minecraft:poppy":2,"minecraft:light_gray_wool":1,"minecraft:lectern":227,"minecraft:sugar_cane":59,"minecraft:birch_sapling":1,"minecraft:raw_iron":86,"minecraft:redstone":171,"minecraft:prismarine_crystals":3,"minecraft:tnt":2,"minecraft:arrow":4,"minecraft:gold_ingot":2,"minecraft:glow_berries":3,"minecraft:mutton":13,"minecraft:bone_block":15,"minecraft:white_wool":29,"minecraft:leather":15,"minecraft:oak_log":21,"minecraft:cobbled_deepslate_stairs":8,"minecraft:gunpowder":2,"minecraft:cobblestone_stairs":2,"minecraft:coast_armor_trim_smithing_template":3,"minecraft:heart_of_the_sea":1,"minecraft:iron_ingot":8,"minecraft:soul_sand":15,"minecraft:flowering_azalea":7,"minecraft:book":9,"minecraft:sweet_berries":39,"minecraft:gravel":68,"minecraft:spruce_sapling":72,"minecraft:blast_furnace":11,"minecraft:white_bed":8,"minecraft:spruce_log":793,"minecraft:spruce_door":2,"minecraft:stone_axe":1,"minecraft:iron_helmet":1,"minecraft:baked_potato":69,"minecraft:coal":113,"minecraft:ender_pearl":2},"minecraft:dropped":{"minecraft:spruce_sign":2,"minecraft:soul_sand":2,"minecraft:moss_block":1,"minecraft:lapis_lazuli":15,"minecraft:baked_potato":9,"minecraft:diamond":6,"minecraft:glow_berries":1,"minecraft:emerald":9,"minecraft:flint":1,"minecraft:cobblestone_stairs":1,"minecraft:deepslate_tile_stairs":36,"minecraft:dirt":58,"minecraft:coast_armor_trim_smithing_template":3,"minecraft:snowball":7,"minecraft:bone_meal":1,"minecraft:sand":2,"minecraft:white_wool":4,"minecraft:gold_ingot":2,"minecraft:bone":1,"minecraft:gravel":15,"minecraft:stone_axe":1,"minecraft:sugar_cane":4,"minecraft:iron_nugget":11,"minecraft:cobbled_deepslate":111,"minecraft:wheat":1,"minecraft:birch_sapling":1,"minecraft:rotten_flesh":20,"minecraft:oak_planks":11,"minecraft:gunpowder":2,"minecraft:azalea":4,"minecraft:spruce_slab":15,"minecraft:arrow":3,"minecraft:beef":21,"minecraft:water_bucket":2,"minecraft:iron_ingot":5,"minecraft:wheat_seeds":78,"minecraft:tnt":2,"minecraft:deepslate_brick_wall":2,"minecraft:poisonous_potato":3,"minecraft:cobbled_deepslate_wall":1,"minecraft:feather":5,"minecraft:iron_helmet":2,"minecraft:cobblestone":59,"minecraft:prismarine_crystals":3,"minecraft:granite":1,"minecraft:tropical_fish":16,"minecraft:grass_block":1,"minecraft:coal":5,"minecraft:stick":5,"minecraft:diorite":5,"minecraft:wooden_hoe":1,"minecraft:torch":2,"minecraft:brown_wool":1,"minecraft:cooked_salmon":1,"minecraft:heart_of_the_sea":1,"minecraft:flowering_azalea":4,"minecraft:iron_axe":1,"minecraft:iron_shovel":2,"minecraft:string":1,"minecraft:spruce_sapling":7,"minecraft:anvil":1,"minecraft:moss_carpet":6,"minecraft:sweet_berries":2,"minecraft:soul_soil":13,"minecraft:coarse_dirt":1,"minecraft:stone_sword":1,"minecraft:tuff":22,"minecraft:stone_shovel":1,"minecraft:light_gray_wool":1,"minecraft:clay_ball":8,"minecraft:filled_map":1,"minecraft:potato":204,"minecraft:shield":1,"minecraft:bundle":3,"minecraft:diamond_pickaxe":1,"minecraft:andesite":16,"minecraft:oak_boat":1,"minecraft:raw_gold":2},"minecraft:mined":{"minecraft:white_bed":8,"minecraft:spruce_planks":28,"minecraft:cobbled_deepslate_stairs":8,"minecraft:cobblestone_stairs":2,"minecraft:brewing_stand":1,"minecraft:obsidian":10,"minecraft:cave_vines_plant":1,"minecraft:granite":6,"minecraft:deepslate_tile_wall":1,"minecraft:grass_block":196,"minecraft:soul_soil":3,"minecraft:iron_ore":29,"minecraft:fire":5,"minecraft:cobbled_deepslate":126,"minecraft:moss_carpet":1,"minecraft:fletching_table":2,"minecraft:deepslate_lapis_ore":9,"minecraft:anvil":2,"minecraft:cave_vines":2,"minecraft:dirt_path":4,"minecraft:azalea":2,"minecraft:spruce_slab":1,"minecraft:deepslate_redstone_ore":24,"minecraft:red_bed":10,"minecraft:deepslate_brick_wall":4,"minecraft:soul_fire":1,"minecraft:clay":2,"minecraft:torch":11,"minecraft:blast_furnace":12,"minecraft:poppy":2,"minecraft:cobblestone":132,"minecraft:sugar_cane":43,"minecraft:oak_planks":4,"minecraft:wall_torch":17,"minecraft:deepslate_copper_ore":3,"minecraft:wheat":100,"minecraft:oak_log":21,"minecraft:sand":5,"minecraft:dirt":250,"minecraft:netherrack":35,"minecraft:oak_leaves":5,"minecraft:deepslate":1284,"minecraft:infested_deepslate":2,"minecraft:tuff":85,"minecraft:deepslate_diamond_ore":12,"minecraft:redstone_wire":2,"minecraft:spruce_leaves":167,"minecraft:moss_block":3,"minecraft:large_fern":50,"minecraft:furnace":1,"minecraft:snow":8,"minecraft:andesite":21,"minecraft:stripped_spruce_log":1,"minecraft:bookshelf":3,"minecraft:potatoes":215,"minecraft:deepslate_iron_ore":56,"minecraft:lantern":3,"minecraft:stone":571,"minecraft:bone_block":15,"minecraft:podzol":1,"minecraft:flowering_azalea":3,"minecraft:soul_sand":6,"minecraft:snow_block":2,"minecraft:spruce_door":2,"minecraft:cobbled_deepslate_wall":1,"minecraft:crafting_table":24,"minecraft:short_grass":43,"minecraft:emerald_ore":1,"minecraft:lectern":227,"minecraft:tall_grass":7,"minecraft:copper_ore":28,"minecraft:deepslate_gold_ore":5,"minecraft:diorite":10,"minecraft:spruce_stairs":4,"minecraft:coarse_dirt":1,"minecraft:stripped_spruce_wood":6,"minecraft:sweet_berry_bush":21,"minecraft:ice":300,"minecraft:spruce_log":804,"minecraft:birch_leaves":3,"minecraft:coal_ore":96,"minecraft:gravel":73,"minecraft:spruce_fence_gate":1,"minecraft:gold_ore":2,"minecraft:fern":31,"minecraft:infested_stone":2},"minecraft:killed":{"minecraft:spider":3,"minecraft:skeleton":8,"minecraft:bee":1,"minecraft:silverfish":5,"minecraft:pig":6,"minecraft:zombie_villager":2,"minecraft:creeper":2,"minecraft:sheep":9,"minecraft:zombie":19,"minecraft:stray":1,"minecraft:cow":12,"minecraft:horse":2,"minecraft:enderman":2},"minecraft:crafted":{"minecraft:oak_planks":84,"minecraft:bookshelf":11,"minecraft:cooked_mutton":3,"minecraft:chest":4,"minecraft:smoker":1,"minecraft:item_frame":1,"minecraft:emerald":127,"minecraft:cooked_porkchop":8,"minecraft:diamond_axe":1,"minecraft:crafting_table":4,"minecraft:spruce_planks":2840,"minecraft:wooden_pickaxe":1,"minecraft:baked_potato":232,"minecraft:cobbled_deepslate_wall":6,"minecraft:fletching_table":2,"minecraft:lectern":4,"minecraft:iron_chestplate":1,"minecraft:book":13,"minecraft:wooden_hoe":1,"minecraft:paper":51,"minecraft:diamond_pickaxe":2,"minecraft:shield":2,"minecraft:stick":4070,"minecraft:iron_ingot":66,"minecraft:iron_pickaxe":1,"minecraft:iron_block":3,"minecraft:stone_sword":2,"minecraft:spruce_fence_gate":4,"minecraft:shears":1,"minecraft:stone_shovel":1,"minecraft:furnace":2,"minecraft:bone_meal":144,"minecraft:flint_and_steel":1,"minecraft:spruce_stairs":212,"minecraft:iron_axe":4,"minecraft:spruce_slab":36,"minecraft:stone_pickaxe":1,"minecraft:spruce_boat":1,"minecraft:bundle":2,"minecraft:red_dye":2,"minecraft:spruce_sign":3,"minecraft:enchanting_table":1,"minecraft:red_bed":1,"minecraft:bucket":2,"minecraft:stone_axe":1,"minecraft:enchanted_book":4,"minecraft:air":0,"minecraft:oak_boat":1,"minecraft:white_dye":1,"minecraft:iron_shovel":2,"minecraft:iron_leggings":1,"minecraft:anvil":1,"minecraft:white_bed":11,"minecraft:torch":20},"minecraft:broken":{"minecraft:diamond_pickaxe":1,"minecraft:stone_axe":1,"minecraft:shield":1,"minecraft:iron_axe":4,"minecraft:iron_pickaxe":1}},"DataVersion":4082}