{"stats":{"minecraft:mined":{"minecraft:diamond_ore":2,"minecraft:spruce_planks":12,"minecraft:white_bed":10,"minecraft:oak_sapling":3,"minecraft:farmland":12,"minecraft:deepslate_diamond_ore":10,"minecraft:brewing_stand":2,"minecraft:obsidian":11,"minecraft:granite":24,"minecraft:grass_block":14,"minecraft:spruce_leaves":31,"minecraft:composter":2,"minecraft:hay_block":30,"minecraft:redstone_ore":1,"minecraft:carrots":4,"minecraft:spruce_sapling":6,"minecraft:furnace":4,"minecraft:fire":4,"minecraft:iron_ore":47,"minecraft:andesite":25,"minecraft:fletching_table":4,"minecraft:deepslate_lapis_ore":6,"minecraft:bell":1,"minecraft:potatoes":2,"minecraft:deepslate_iron_ore":11,"minecraft:oak_stairs":2,"minecraft:stone":101,"minecraft:deepslate_redstone_ore":1,"minecraft:glass_pane":1,"minecraft:oak_fence":1,"minecraft:crafting_table":9,"minecraft:torch":2,"minecraft:short_grass":117,"minecraft:blast_furnace":1,"minecraft:tall_grass":4,"minecraft:cobblestone":3,"minecraft:lapis_ore":7,"minecraft:grindstone":3,"minecraft:oak_planks":55,"minecraft:diorite":6,"minecraft:wall_torch":2,"minecraft:birch_planks":9,"minecraft:birch_log":29,"minecraft:wheat":8,"minecraft:spruce_log":184,"minecraft:birch_leaves":2,"minecraft:yellow_bed":2,"minecraft:oak_log":204,"minecraft:coal_ore":63,"minecraft:beetroots":1,"minecraft:loom":4,"minecraft:gravel":45,"minecraft:dirt":12,"minecraft:stonecutter":2,"minecraft:gold_ore":1,"minecraft:oak_leaves":35,"minecraft:deepslate":24},"minecraft:killed":{"minecraft:skeleton":1,"minecraft:pig":1,"minecraft:creeper":2,"minecraft:sheep":11,"minecraft:zombie":5},"minecraft:custom":{"minecraft:mob_kills":21,"minecraft:animals_bred":2,"minecraft:interact_with_crafting_table":49,"minecraft:bell_ring":16,"minecraft:leave_game":2,"minecraft:time_since_death":149790,"minecraft:climb_one_cm":5414,"minecraft:sprint_one_cm":424216,"minecraft:walk_one_cm":275767,"minecraft:damage_blocked_by_shield":266,"minecraft:drop":32,"minecraft:talked_to_villager":29,"minecraft:play_time":149790,"minecraft:sneak_time":23966,"minecraft:walk_under_water_one_cm":3821,"minecraft:boat_one_cm":113693,"minecraft:jump":3865,"minecraft:walk_on_water_one_cm":9186,"minecraft:total_world_time":149790,"minecraft:interact_with_furnace":59,"minecraft:traded_with_villager":48,"minecraft:interact_with_loom":1,"minecraft:sleep_in_bed":6,"minecraft:time_since_rest":11331,"minecraft:damage_taken":535,"minecraft:damage_dealt":2879,"minecraft:swim_one_cm":12474,"minecraft:fly_one_cm":979739,"minecraft:open_chest":49,"minecraft:crouch_one_cm":62959,"minecraft:fall_one_cm":88957},"minecraft:crafted":{"minecraft:smooth_stone":3,"minecraft:oak_planks":468,"minecraft:furnace":3,"minecraft:blast_furnace":1,"minecraft:stone":3,"minecraft:cooked_mutton":14,"minecraft:flint_and_steel":1,"minecraft:iron_boots":1,"minecraft:iron_axe":11,"minecraft:ladder":3,"minecraft:iron_hoe":1,"minecraft:stone_pickaxe":1,"minecraft:chest":2,"minecraft:wheat":270,"minecraft:emerald":37,"minecraft:crafting_table":3,"minecraft:spruce_planks":224,"minecraft:wooden_pickaxe":1,"minecraft:iron_helmet":1,"minecraft:bucket":1,"minecraft:birch_planks":96,"minecraft:bread":64,"minecraft:air":0,"minecraft:oak_boat":1,"minecraft:iron_chestplate":1,"minecraft:diamond_pickaxe":1,"minecraft:shield":1,"minecraft:stick":1176,"minecraft:iron_ingot":53,"minecraft:iron_pickaxe":1,"minecraft:wooden_axe":2,"minecraft:torch":20,"minecraft:diamond_chestplate":1},"minecraft:used":{"minecraft:flint_and_steel":1,"minecraft:ladder":3,"minecraft:spruce_planks":13,"minecraft:chest":2,"minecraft:shield":4,"minecraft:bell":1,"minecraft:torch":24,"minecraft:dirt":14,"minecraft:carrot":18,"minecraft:granite":3,"minecraft:obsidian":11,"minecraft:iron_hoe":35,"minecraft:wooden_axe":107,"minecraft:iron_axe":508,"minecraft:birch_sapling":3,"minecraft:iron_helmet":1,"minecraft:iron_boots":1,"minecraft:diamond_chestplate":1,"minecraft:oak_sapling":22,"minecraft:furnace":6,"minecraft:beetroot_seeds":5,"minecraft:egg":1,"minecraft:potato":8,"minecraft:cobbled_deepslate":23,"minecraft:cooked_mutton":14,"minecraft:water_bucket":30,"minecraft:diorite":6,"minecraft:birch_planks":34,"minecraft:stone_pickaxe":132,"minecraft:oak_planks":123,"minecraft:wooden_pickaxe":16,"minecraft:fletching_table":4,"minecraft:crafting_table":11,"minecraft:blast_furnace":2,"minecraft:white_bed":10,"minecraft:diamond_pickaxe":157,"minecraft:bread":13,"minecraft:iron_pickaxe":61,"minecraft:spruce_sapling":31,"minecraft:gravel":6,"minecraft:cobblestone":16,"minecraft:cooked_porkchop":1,"minecraft:grindstone":3,"minecraft:andesite":24,"minecraft:bucket":31,"minecraft:yellow_bed":2,"minecraft:oak_boat":2},"minecraft:picked_up":{"minecraft:crafting_table":9,"minecraft:wheat":10,"minecraft:azure_bluet":1,"minecraft:wooden_pickaxe":1,"minecraft:oak_stairs":2,"minecraft:brewing_stand":2,"minecraft:beetroot":3,"minecraft:cobbled_deepslate":24,"minecraft:spruce_planks":12,"minecraft:oak_boat":2,"minecraft:birch_sapling":3,"minecraft:egg":1,"minecraft:furnace":4,"minecraft:stick":57,"minecraft:raw_iron":57,"minecraft:composter":2,"minecraft:oak_fence":2,"minecraft:torch":4,"minecraft:porkchop":1,"minecraft:diorite":6,"minecraft:carrot":19,"minecraft:redstone":9,"minecraft:arrow":4,"minecraft:rotten_flesh":9,"minecraft:beetroot_seeds":8,"minecraft:hay_block":30,"minecraft:obsidian":11,"minecraft:mutton":14,"minecraft:cobblestone":112,"minecraft:white_wool":10,"minecraft:birch_log":29,"minecraft:andesite":25,"minecraft:potato":11,"minecraft:birch_planks":9,"minecraft:flint":4,"minecraft:oak_log":205,"minecraft:yellow_bed":2,"minecraft:gunpowder":3,"minecraft:lapis_lazuli":85,"minecraft:dirt":36,"minecraft:apple":6,"minecraft:stonecutter":2,"minecraft:wheat_seeds":39,"minecraft:raw_gold":1,"minecraft:bell":1,"minecraft:grindstone":3,"minecraft:fletching_table":4,"minecraft:oak_planks":55,"minecraft:cooked_porkchop":1,"minecraft:dandelion":1,"minecraft:oak_pressure_plate":2,"minecraft:gravel":41,"minecraft:blast_furnace":1,"minecraft:spruce_sapling":31,"minecraft:loom":4,"minecraft:white_bed":10,"minecraft:spruce_log":181,"minecraft:diamond":12,"minecraft:granite":24,"minecraft:oak_sapling":41,"minecraft:black_wool":1,"minecraft:coal":113},"minecraft:broken":{"minecraft:stone_pickaxe":1,"minecraft:iron_axe":2,"minecraft:wooden_axe":2},"minecraft:dropped":{"minecraft:wheat_seeds":13,"minecraft:oak_pressure_plate":2,"minecraft:oak_log":1,"minecraft:oak_fence":2,"minecraft:stick":2,"minecraft:dandelion":1,"minecraft:gravel":35,"minecraft:cobbled_deepslate":1,"minecraft:rotten_flesh":9,"minecraft:azure_bluet":1,"minecraft:potato":3,"minecraft:gunpowder":2,"minecraft:andesite":1,"minecraft:oak_sapling":2,"minecraft:arrow":4}},"DataVersion":4082}