{"minecraft:recipes/decorations/crafting_table":{"criteria":{"unlock_right_away":"2024-11-14 14:19:59 -0500"},"done":true},"minecraft:adventure/adventuring_time":{"criteria":{"minecraft:forest":"2024-11-14 14:20:00 -0500"},"done":false},"minecraft:recipes/decorations/ladder":{"criteria":{"has_stick":"2024-11-14 14:21:06 -0500"},"done":true},"minecraft:recipes/decorations/campfire":{"criteria":{"has_stick":"2024-11-14 14:21:06 -0500"},"done":true},"minecraft:recipes/tools/wooden_hoe":{"criteria":{"has_stick":"2024-11-14 14:21:06 -0500"},"done":true},"minecraft:recipes/tools/wooden_pickaxe":{"criteria":{"has_stick":"2024-11-14 14:21:06 -0500"},"done":true},"minecraft:recipes/tools/wooden_axe":{"criteria":{"has_stick":"2024-11-14 14:21:06 -0500"},"done":true},"minecraft:recipes/tools/wooden_shovel":{"criteria":{"has_stick":"2024-11-14 14:21:06 -0500"},"done":true},"minecraft:recipes/combat/wooden_sword":{"criteria":{"has_stick":"2024-11-14 14:21:06 -0500"},"done":true},"DataVersion":4082}