{"minecraft:recipes/transportation/mangrove_boat":{"criteria":{"in_water":"2024-11-20 22:40:02 +0000"},"done":true},"minecraft:recipes/decorations/crafting_table":{"criteria":{"unlock_right_away":"2024-11-20 22:39:43 +0000"},"done":true},"minecraft:recipes/transportation/acacia_boat":{"criteria":{"in_water":"2024-11-20 22:40:02 +0000"},"done":true},"minecraft:recipes/transportation/cherry_boat":{"criteria":{"in_water":"2024-11-20 22:40:02 +0000"},"done":true},"minecraft:adventure/adventuring_time":{"criteria":{"minecraft:cold_ocean":"2024-11-20 22:40:42 +0000","minecraft:beach":"2024-11-20 22:40:21 +0000","minecraft:frozen_river":"2024-11-20 22:41:19 +0000","minecraft:forest":"2024-11-20 22:39:44 +0000","minecraft:taiga":"2024-11-20 22:40:16 +0000","minecraft:river":"2024-11-20 22:40:38 +0000","minecraft:meadow":"2024-11-20 22:41:13 +0000","minecraft:snowy_plains":"2024-11-20 22:41:21 +0000","minecraft:dripstone_caves":"2024-11-20 22:41:09 +0000","minecraft:snowy_taiga":"2024-11-20 22:41:17 +0000","minecraft:plains":"2024-11-20 22:40:57 +0000"},"done":false},"minecraft:recipes/transportation/bamboo_raft":{"criteria":{"in_water":"2024-11-20 22:40:02 +0000"},"done":true},"minecraft:recipes/transportation/spruce_boat":{"criteria":{"in_water":"2024-11-20 22:40:02 +0000"},"done":true},"minecraft:recipes/transportation/birch_boat":{"criteria":{"in_water":"2024-11-20 22:40:02 +0000"},"done":true},"minecraft:recipes/transportation/oak_boat":{"criteria":{"in_water":"2024-11-20 22:40:02 +0000"},"done":true},"minecraft:recipes/transportation/jungle_boat":{"criteria":{"in_water":"2024-11-20 22:40:02 +0000"},"done":true},"minecraft:recipes/transportation/dark_oak_boat":{"criteria":{"in_water":"2024-11-20 22:40:02 +0000"},"done":true},"DataVersion":4082}